Giocatore;Ruolo;Squadra_giocatore;Cartellini Gialli_per90;Cartellini Rossi_per90;Falli_per90;Fallo Subito_per90;Intercettazioni_per90;Tackle Vinti_per90;Recupero Palla_per90;Aerei Vinti_per90;Aerei Persi_per90;Minuti Giocati
Aaron Ciammaglichella;Cen;Torino;;;;;;;;;;0.0
Aarón Martín;Dif;Genoa;0.18382352941176472;0.0;1.1397058823529411;0.9191176470588236;0.5882352941176471;1.4705882352941178;4.301470588235294;0.6617647058823529;0.9558823529411765;27.2
Abdou Harroui;Cen.Att;Hellas Verona;0.19607843137254904;0.0;1.9607843137254903;0.5882352941176471;0.3921568627450981;1.1764705882352942;4.313725490196079;1.5686274509803924;1.3725490196078431;5.1
Adam Marušić;Dif;Lazio;0.05181347150259067;0.0;0.5181347150259067;0.5699481865284974;0.6217616580310881;0.8290155440414507;3.2124352331606216;1.1917098445595855;0.8290155440414507;19.3
Adam Masina;Dif;Torino;0.3012048192771084;0.0;1.0843373493975903;0.9036144578313252;1.1445783132530118;0.8433734939759036;3.8554216867469875;3.2530120481927707;1.0843373493975903;16.6
Adam Obert;Dif;Cagliari;0.3846153846153846;0.0;1.7307692307692306;0.673076923076923;1.7307692307692306;1.6346153846153846;5.0;2.3076923076923075;1.8269230769230769;10.4
Ademola Lookman;Att.Cen;Atalanta;0.2185792349726776;0.0;1.3114754098360655;0.8743169398907104;0.1092896174863388;0.7103825136612022;2.73224043715847;0.6010928961748634;0.6010928961748634;18.3
Adrian Benedyczak;Att.Cen;Parma;0.0;0.0;1.3636363636363635;2.2727272727272725;0.0;0.0;1.3636363636363635;4.090909090909091;5.0;2.2
Adrian Bernabe;Cen;Parma;0.07874015748031496;0.0;0.6299212598425197;2.204724409448819;0.4724409448818898;1.4173228346456694;4.566929133858268;0.31496062992125984;0.15748031496062992;12.7
Adrien Tameze;Cen.Dif;Torino;0.44776119402985076;0.0;1.044776119402985;0.5970149253731343;1.4925373134328357;0.29850746268656714;3.582089552238806;1.3432835820895521;1.1940298507462686;6.7
Alan Matturro;Dif;Genoa;0.2247191011235955;0.0;1.0112359550561798;0.5617977528089887;1.348314606741573;0.6741573033707865;2.8089887640449436;1.5730337078651684;1.6853932584269662;8.9
Albert Guðmundsson;Cen.Att;Fiorentina;0.21052631578947367;0.0;1.0526315789473684;1.5789473684210527;0.631578947368421;0.21052631578947367;3.6842105263157894;0.3157894736842105;0.9473684210526315;9.5
Alberto Cerri;Att;Como;0.0;0.0;3.0;1.0;0.0;0.0;3.0;4.0;4.0;1.0
Alberto Dossena;Dif;Como;0.04926108374384236;0.04926108374384236;1.083743842364532;0.7881773399014778;1.083743842364532;0.9852216748768473;3.3497536945812807;2.9064039408866993;1.1822660098522166;20.3
Alberto Grassi;Cen;Empoli;0.3550295857988166;0.0;1.0650887573964498;1.4792899408284026;1.4201183431952664;0.9467455621301776;5.384615384615385;1.0059171597633136;0.7100591715976332;16.9
Alberto Manzoni;Cen;Atalanta;0.0;0.0;10.0;10.0;0.0;0.0;0.0;10.0;0.0;0.1
Alberto Moreno;Dif;Como;0.26490066225165565;0.0;0.9271523178807948;0.6622516556291391;0.794701986754967;0.6622516556291391;3.8410596026490067;0.5298013245033113;1.1258278145695364;15.1
Alberto Paleari;Por;Torino;0.0;0.0;0.0;1.0;0.0;0.0;2.0;0.0;0.0;1.0
Alberto costa;Dif;Juventus;0.0;0.0;2.727272727272727;0.9090909090909091;0.0;3.6363636363636362;6.363636363636363;0.9090909090909091;1.8181818181818181;1.1
Alejandro Jiménez;Dif.Att;Milan;0.4444444444444444;0.0;0.8888888888888888;1.3333333333333333;0.8888888888888888;1.0;4.888888888888889;0.8888888888888888;1.3333333333333333;9.0
Alen Sherri;Por;Cagliari;0.0;0.0;0.0;0.0;0.0;0.0;2.3333333333333335;0.0;0.0;6.0
Alessandro Bastoni;Dif;Inter;0.2136752136752137;0.042735042735042736;1.623931623931624;1.4529914529914532;0.8974358974358975;0.7692307692307693;3.4615384615384617;1.623931623931624;1.0256410256410258;23.4
Alessandro Bianco;Cen;Monza;0.2898550724637681;0.0;1.5942028985507246;1.7874396135265702;0.6280193236714976;1.1111111111111112;4.5893719806763285;0.43478260869565216;0.9661835748792271;20.7
Alessandro Buongiorno;Dif;Napoli;0.10152284263959391;0.0;0.8121827411167513;0.8629441624365483;1.6243654822335025;1.015228426395939;4.111675126903553;1.9289340101522843;0.8629441624365483;19.7
Alessandro Circati;Dif;Parma;0.25;0.0;0.75;0.5;0.5;0.5;1.25;1.25;0.75;4.0
Alessandro Deiola;Cen;Cagliari;0.32;0.0;2.0;0.8;0.88;1.28;4.08;2.16;2.0;12.5
Alessandro Gabrielloni;Att.Cen;Como;0.8333333333333334;0.0;2.5;2.5;0.0;0.0;7.5;0.8333333333333334;6.666666666666667;1.2
Alessandro Marcandalli;Dif;Venezia;0.0;0.0;2.3076923076923075;0.0;0.7692307692307692;1.5384615384615383;7.692307692307692;5.384615384615384;3.0769230769230766;1.3
Alessandro Vogliacco;Dif;Genoa;0.37974683544303794;0.0;1.5189873417721518;0.2531645569620253;1.1392405063291138;0.37974683544303794;2.531645569620253;1.3924050632911391;1.0126582278481011;7.9
Alessandro Zanoli;Att.Dif;Genoa;0.1910828025477707;0.0;0.9554140127388535;0.89171974522293;0.6369426751592357;1.0828025477707006;3.375796178343949;1.1464968152866242;0.7006369426751593;15.7
Alessio Iovine;Dif.Att;Como;0.47619047619047616;0.0;1.1904761904761905;1.4285714285714286;0.7142857142857143;0.47619047619047616;3.8095238095238093;0.47619047619047616;1.6666666666666665;4.2
Alessio Romagnoli;Dif;Lazio;0.09216589861751152;0.04608294930875576;0.9216589861751152;0.3686635944700461;0.967741935483871;0.8755760368663594;3.1797235023041477;2.857142857142857;1.2903225806451613;21.7
Alessio Zerbin;Dif;Venezia;0.125;0.0;2.0;2.125;1.125;2.125;4.625;0.25;0.625;8.0
Alex Meret;Por;Napoli;0.0;0.0;0.03937007874015748;0.11811023622047245;0.0;0.0;1.6141732283464567;0.15748031496062992;0.0;25.4
Alexis Saelemaekers;Dif.Att;Roma;0.27777777777777773;0.0;1.111111111111111;1.6666666666666665;0.5555555555555555;1.2037037037037037;4.907407407407407;0.27777777777777773;0.09259259259259259;10.8
Alexis Sánchez;Att;Udinese;0.0;0.0;0.7692307692307693;2.0512820512820515;0.7692307692307693;0.25641025641025644;3.3333333333333335;0.25641025641025644;2.5641025641025643;3.9
Alfred Duncan;Cen;Venezia;0.1923076923076923;0.0;2.019230769230769;1.0576923076923077;0.7692307692307692;0.7692307692307692;5.0;0.9615384615384615;0.7692307692307692;10.4
Ali Dembélé;Dif;Torino;2.857142857142857;0.7142857142857143;2.142857142857143;0.0;0.0;1.4285714285714286;2.857142857142857;1.4285714285714286;4.285714285714286;1.4
Ali Jasim;Att.Dif;Como;0.0;0.0;10.0;0.0;0.0;0.0;10.0;10.0;0.0;0.1
Alieu Fadera;Att.Dif;Como;0.11299435028248588;0.05649717514124294;2.146892655367232;2.6553672316384183;0.5649717514124294;2.542372881355932;5.19774011299435;0.6214689265536724;0.7909604519774012;17.7
Alphadjo Cissè;Att.Cen;Hellas Verona;0.0;0.0;10.0;0.0;0.0;0.0;0.0;10.0;0.0;0.1
Amin Sarr;Att;Hellas Verona;0.0;0.0;2.3357664233576645;0.8029197080291971;0.14598540145985403;0.8029197080291971;2.1167883211678835;2.9927007299270074;3.9416058394160585;13.7
Amir Richardson;Cen;Fiorentina;0.625;0.0;3.0;1.375;0.5;1.25;3.75;1.875;1.875;8.0
Amir Rrahmani;Dif;Napoli;0.06944444444444445;0.0;1.1805555555555556;0.2777777777777778;0.6944444444444444;0.8333333333333333;3.576388888888889;3.194444444444444;1.5277777777777777;28.8
Anass Salah-Eddine;Dif;Roma;0.0;0.0;1.1764705882352942;0.5882352941176471;0.5882352941176471;0.5882352941176471;3.5294117647058822;0.0;0.5882352941176471;1.7
Anastasios Douvikas;Att;Como;1.1111111111111112;0.0;2.2222222222222223;2.2222222222222223;1.1111111111111112;0.0;6.666666666666666;3.333333333333333;4.444444444444445;0.9
Andre-Frank Zambo Anguissa;Cen;Napoli;0.1606425702811245;0.0;1.1244979919678715;1.0040160642570282;1.1646586345381527;0.9638554216867471;4.61847389558233;2.0481927710843375;1.5261044176706828;24.9
Andrea Belotti;Att;Como;0.15151515151515152;0.0;1.3636363636363638;2.878787878787879;0.15151515151515152;0.7575757575757576;2.5757575757575757;2.7272727272727275;3.9393939393939394;6.6
Andrea Cambiaso;Dif.Att;Juventus;0.19801980198019803;0.0;1.188118811881188;0.9900990099009901;0.6435643564356436;1.1386138613861387;4.653465346534654;0.24752475247524752;0.49504950495049505;20.2
Andrea Carboni;Dif;Monza;0.21621621621621623;0.0;1.4054054054054055;0.7567567567567568;1.135135135135135;1.1891891891891893;2.5405405405405403;1.5675675675675675;1.7837837837837838;18.5
Andrea Colpani;Att.Cen;Fiorentina;0.06451612903225806;0.0;1.3548387096774193;1.4193548387096775;0.5806451612903226;0.5806451612903226;2.903225806451613;0.6451612903225806;0.9032258064516129;15.5
Andrea Petagna;Att;Monza;0.3448275862068966;0.0;1.7241379310344829;1.3793103448275863;0.3448275862068966;0.0;2.0689655172413794;2.413793103448276;4.482758620689656;2.9
Andrea Pinamonti;Att;Genoa;0.12;0.0;0.52;1.32;0.04;0.2;1.72;2.84;3.44;25.0
Andy Pelmard;Dif;Lecce;0.7142857142857143;0.0;1.4285714285714286;0.0;0.0;4.285714285714286;2.857142857142857;0.0;0.7142857142857143;1.4
Ange-Yoan Bonny;Att;Parma;0.09852216748768472;0.0;0.7389162561576355;1.625615763546798;0.04926108374384236;0.49261083743842365;2.2660098522167487;0.8866995073891625;2.70935960591133;20.3
Angeliño;Dif;Roma;0.03802281368821293;0.0;0.9125475285171103;0.8745247148288973;0.8745247148288973;0.6463878326996197;3.079847908745247;1.026615969581749;0.9125475285171103;26.3
Ante Rebić;Att.Cen;Lecce;0.4545454545454546;0.15151515151515152;2.272727272727273;1.5151515151515151;0.15151515151515152;1.0606060606060606;4.090909090909091;2.878787878787879;3.181818181818182;6.6
Antoine Bernede;Cen.Att;Hellas Verona;0.0;0.0;1.5789473684210527;0.0;1.5789473684210527;0.5263157894736842;4.736842105263158;1.0526315789473684;1.0526315789473684;1.9
Antoine Hainaut;Dif.Cen;Parma;0.32967032967032966;0.0;0.989010989010989;1.3186813186813187;1.3186813186813187;1.208791208791209;4.395604395604396;2.5274725274725274;0.989010989010989;9.1
Antoine Makoumbou;Cen;Cagliari;0.16042780748663102;0.053475935828877004;1.1764705882352942;0.7486631016042781;0.6417112299465241;0.9625668449197862;4.759358288770054;0.16042780748663102;0.8021390374331551;18.7
Antonino Gallo;Dif;Lecce;0.0975609756097561;0.04878048780487805;0.4878048780487805;0.5853658536585366;0.7804878048780488;1.6585365853658536;4.195121951219512;0.8292682926829268;1.024390243902439;20.5
Antonio Candela;Dif;Venezia;0.17857142857142858;0.0;1.25;0.35714285714285715;0.7142857142857143;1.8750000000000002;3.3928571428571432;1.25;1.1607142857142858;11.2
Antonio Raimondo;Att.Dif;Venezia;0.0;0.0;2.0;1.0;0.0;1.0;4.0;1.0;6.0;1.0
Antonio Sanabria;Att;Torino;0.08;0.0;1.04;1.04;0.08;0.16;1.76;1.44;3.76;12.5
Antonín Barák;Cen;Fiorentina;0.0;0.0;0.0;0.0;0.0;0.0;3.3333333333333335;0.0;1.6666666666666667;0.6
Ardian Ismajli;Dif;Empoli;0.04366812227074236;0.0;0.6550218340611355;0.8733624454148472;2.0087336244541487;0.8296943231441049;2.8384279475982535;3.013100436681223;2.0087336244541487;22.9
Arijon Ibrahimović;Cen;Lazio;0.0;0.0;0.0;0.0;0.0;0.0;0.0;0.0;0.0;0.1
Armando Izzo;Dif;Monza;0.45081967213114754;0.0;2.459016393442623;1.7213114754098362;1.598360655737705;0.6147540983606558;3.278688524590164;1.8032786885245902;2.2540983606557377;24.4
Artem Dovbyk;Att;Roma;0.0;0.0;1.2322274881516586;0.4739336492890995;0.04739336492890995;0.0947867298578199;0.995260663507109;1.7061611374407581;2.037914691943128;21.1
Arthur Atta;Cen.Att;Udinese;0.44776119402985076;0.0;1.4925373134328357;1.4925373134328357;0.29850746268656714;1.3432835820895521;3.8805970149253732;1.3432835820895521;1.6417910447761193;6.7
Arvid Brorsson;Dif;Monza;0.0;0.0;0.0;0.0;0.0;1.6666666666666667;2.5;2.5;1.6666666666666667;1.2
Assane Diao;Att.Cen;Como;0.2;0.0;1.3;3.0;0.3;1.3;3.5;1.1;2.3;10.0
Balthazar Pierret;Cen;Lecce;0.13793103448275862;0.0;1.6551724137931034;1.2413793103448276;1.0344827586206897;1.7241379310344827;4.9655172413793105;1.1724137931034482;1.5172413793103448;14.5
Ben Godfrey;Dif;Atalanta;0.0;0.0;3.3333333333333335;0.0;0.0;0.0;6.666666666666667;0.0;0.0;0.3
Ben Lhassine Kone;Cen;Como;1.6666666666666667;0.0;1.6666666666666667;1.6666666666666667;1.6666666666666667;3.3333333333333335;11.666666666666668;0.0;1.6666666666666667;0.6
Benjamin Pavard;Dif;Inter;0.2597402597402597;0.0;1.103896103896104;0.45454545454545453;0.9090909090909091;1.0389610389610389;2.727272727272727;2.207792207792208;2.012987012987013;15.4
Benjamín Domínguez;Att;Bologna;0.0;0.0;0.5555555555555555;2.4074074074074074;0.37037037037037035;0.4629629629629629;4.907407407407407;0.0;1.574074074074074;10.8
Berat Djimsiti;Dif;Atalanta;0.18264840182648404;0.0;0.6849315068493151;0.7762557077625571;1.4611872146118723;1.1872146118721463;3.5159817351598175;2.8310502283105023;1.6894977168949772;21.9
Billy Gilmour;Cen;Napoli;0.0;0.0;1.081081081081081;0.9459459459459459;0.8108108108108107;1.3513513513513513;5.8108108108108105;1.081081081081081;0.9459459459459459;7.4
Bjarki Bjarkason;Dif.Cen;Venezia;1.1111111111111112;0.0;1.1111111111111112;4.444444444444445;1.1111111111111112;1.1111111111111112;5.0;0.0;0.0;1.8
Bob Murphy Omoregbe;Cen;Milan;;;inf;;;;;;;0.0
Borna Sosa;Dif;Torino;0.0;0.0;0.916030534351145;0.5343511450381679;1.0687022900763359;1.450381679389313;4.0458015267175576;1.2213740458015268;1.450381679389313;13.1
Botond Balogh;Dif;Parma;0.1990049751243781;0.0;0.7462686567164178;0.29850746268656714;1.0945273631840795;0.4477611940298507;2.835820895522388;1.5422885572139302;1.3930348258706466;20.1
Boulaye Dia;Cen.Att;Lazio;0.111731843575419;0.0;1.0614525139664805;1.11731843575419;0.2793296089385475;0.446927374301676;2.346368715083799;0.782122905027933;2.23463687150838;17.9
Brenner;Cen.Att;Udinese;0.0;0.0;0.0;1.1627906976744187;0.23255813953488372;0.9302325581395349;3.7209302325581395;0.46511627906976744;0.6976744186046512;4.3
Brooke Norton-Cuffy;Dif.Cen;Genoa;0.0;0.0;0.4347826086956522;0.0;0.8695652173913044;1.3043478260869565;3.91304347826087;1.7391304347826089;1.3043478260869565;2.3
Bryan Cristante;Cen;Roma;0.4054054054054054;0.0;1.554054054054054;0.47297297297297297;0.8783783783783783;1.3513513513513513;5.472972972972973;2.162162162162162;2.22972972972973;14.8
Caleb Ekuban;Att;Genoa;0.2040816326530612;0.0;2.0408163265306123;1.6326530612244896;0.2040816326530612;0.6122448979591836;3.265306122448979;2.0408163265306123;2.8571428571428568;4.9
Carlos Augusto;Dif.Att;Inter;0.0;0.0;0.6086956521739131;0.5217391304347826;0.43478260869565216;0.8695652173913043;3.3043478260869565;3.5652173913043477;1.826086956521739;11.5
Casper Tengstedt;Att.Cen;Hellas Verona;0.13333333333333333;0.0;0.3333333333333333;0.5333333333333333;0.2;0.3333333333333333;2.2;1.2;3.6;15.0
Cesare Casadei;Cen;Torino;0.0;0.0;1.0869565217391306;1.0869565217391306;0.4347826086956522;0.4347826086956522;4.565217391304349;5.0;2.3913043478260874;4.6
Charalambos Lykogiannis;Dif;Bologna;0.20833333333333334;0.0;0.7291666666666667;0.7291666666666667;0.9375;1.0416666666666667;3.541666666666667;1.875;1.25;9.6
Charles De Ketelaere;Cen.Att;Atalanta;0.052910052910052914;0.0;1.0052910052910053;1.7460317460317463;0.10582010582010583;0.4232804232804233;3.4391534391534395;1.5873015873015874;1.6402116402116402;18.9
Che Adams;Att;Torino;0.09389671361502347;0.0;0.892018779342723;1.3615023474178403;0.046948356807511735;0.14084507042253522;1.8309859154929577;1.3145539906103285;2.300469483568075;21.3
Cheick Oumar Conde;Cen;Venezia;5.0;0.0;5.0;5.0;0.0;15.0;15.0;10.0;0.0;0.2
Cheikh Tidiane Niasse;Cen;Hellas Verona;0.46875;0.0;1.40625;1.5625;2.5;1.5625;3.75;2.1875;2.5;6.4
Cher Ndour;Cen.Att;Fiorentina;0.0;0.0;1.25;2.5;0.8333333333333334;0.0;5.0;3.75;5.0;2.4
Christian Gytkjær;Att;Venezia;0.0;0.0;1.842105263157895;0.7894736842105263;0.0;0.7894736842105263;2.1052631578947367;2.368421052631579;5.0;3.8
Christian Kabasele;Dif;Udinese;0.0;0.0;1.7647058823529413;1.1764705882352942;0.9803921568627452;0.6862745098039216;2.843137254901961;2.843137254901961;1.6666666666666667;10.2
Christian Kouamé;Att.Cen;Fiorentina;0.14492753623188406;0.0;1.8840579710144927;2.0289855072463765;0.2898550724637681;1.1594202898550725;2.898550724637681;4.202898550724638;2.753623188405797;6.9
Christian Pulisic;Att.Cen;Milan;0.0;0.0;0.6770833333333334;1.3020833333333335;0.15625;1.0416666666666667;3.9583333333333335;0.46875;1.6666666666666667;19.2
Christos Mandas;Por;Lazio;0.0;0.0;0.0;0.0;0.0;0.0;1.0;2.0;0.0;1.0
Cristiano Biraghi;Dif;Fiorentina;0.20833333333333334;0.0;0.8333333333333334;1.4583333333333335;0.8333333333333334;0.8333333333333334;2.0833333333333335;0.4166666666666667;0.625;4.8
Cyril Ngonge;Att.Dif;Napoli;0.5263157894736842;0.0;2.6315789473684212;5.7894736842105265;0.5263157894736842;2.6315789473684212;2.6315789473684212;2.1052631578947367;2.1052631578947367;1.9
Dailon Livramento;Att.Cen;Hellas Verona;0.1149425287356322;0.1149425287356322;1.6091954022988506;0.574712643678161;0.2298850574712644;0.9195402298850576;1.8390804597701151;2.873563218390805;4.482758620689656;8.7
Dan Ndoye;Att;Bologna;0.10695187165775401;0.0;0.9625668449197862;4.064171122994653;0.37433155080213903;0.7486631016042781;4.010695187165775;0.4812834224598931;0.6951871657754011;18.7
Daniel Bandeira;Cen;Hellas Verona;0.2222222222222222;0.0;0.8888888888888888;0.8888888888888888;1.3333333333333333;0.0;8.0;1.5555555555555556;0.6666666666666666;4.5
Daniel Fila;Att;Venezia;0.4166666666666667;0.0;2.916666666666667;0.8333333333333334;0.0;0.0;1.25;0.0;3.75;2.4
Daniel Maldini;Cen.Att;Monza;0.3448275862068966;0.0;1.0344827586206897;2.689655172413793;0.27586206896551724;0.41379310344827586;3.586206896551724;1.5172413793103448;1.8620689655172413;14.5
Daniel Mosquera;Att;Hellas Verona;0.1941747572815534;0.0;2.9126213592233006;1.1650485436893203;0.0970873786407767;0.5825242718446602;3.203883495145631;5.242718446601941;5.533980582524271;10.3
Daniel Oyegoke;Dif;Hellas Verona;0.9090909090909091;0.0;1.8181818181818181;0.0;0.9090909090909091;1.8181818181818181;3.6363636363636362;0.0;1.8181818181818181;1.1
Daniele Baselli;Cen;Como;0.0;0.0;0.0;5.0;5.0;0.0;0.0;0.0;5.0;0.2
Daniele Ghilardi;Dif;Hellas Verona;0.4109589041095891;0.0;1.4383561643835616;1.4383561643835616;1.1643835616438356;1.095890410958904;2.6027397260273974;2.0547945205479454;2.1232876712328768;14.6
Daniele Padelli;Por;Udinese;0.0;0.0;0.0;0.0;0.0;0.0;0.0;0.0;0.0;1.0
Danilo;Dif;Juventus;0.3076923076923077;0.0;1.6923076923076923;0.15384615384615385;1.3846153846153846;0.6153846153846154;3.6923076923076925;2.4615384615384617;1.0769230769230769;6.5
Danilo Cataldi;Cen;Fiorentina;0.06944444444444445;0.0;0.9027777777777778;0.9722222222222222;1.1805555555555556;0.9027777777777778;5.833333333333333;0.06944444444444445;0.2777777777777778;14.4
Danilo D'Ambrosio;Dif;Monza;0.1941747572815534;0.0970873786407767;1.5533980582524272;0.8737864077669902;1.262135922330097;1.3592233009708736;3.5922330097087376;1.3592233009708736;1.8446601941747571;10.3
Danilo Veiga;Dif.Att;Lecce;0.0;0.0;3.75;1.25;2.5;2.5;6.25;1.25;3.75;0.8
Dany Mota;Cen.Att;Monza;0.11627906976744186;0.0;0.9883720930232559;1.2790697674418605;0.5232558139534884;0.11627906976744186;2.906976744186047;2.5;2.9651162790697674;17.2
Darko Lazović;Dif.Att;Hellas Verona;0.0;0.0;0.5806451612903226;0.3225806451612903;0.7096774193548387;0.5806451612903226;3.4838709677419355;0.3870967741935484;0.8387096774193549;15.5
David Akpan Ankeye;Att.Cen;Genoa;0.0;0.0;6.0;2.0;0.0;0.0;0.0;0.0;2.0;0.5
David Neres;Att;Napoli;0.09174311926605504;0.0;0.8256880733944953;0.6422018348623852;0.5504587155963303;0.5504587155963303;4.036697247706422;0.0;0.4587155963302752;10.9
David de Gea;Por;Fiorentina;0.0;0.0;0.0;0.07692307692307693;0.0;0.0;0.5384615384615384;0.23076923076923078;0.0;26.0
Davide Bartesaghi;Dif;Milan;0.0;1.6666666666666667;1.6666666666666667;0.0;1.6666666666666667;1.6666666666666667;1.6666666666666667;1.6666666666666667;0.0;0.6
Davide Calabria;Dif;Bologna;0.24390243902439027;0.0;0.7317073170731708;0.7317073170731708;0.0;0.9756097560975611;5.121951219512195;1.4634146341463417;1.2195121951219514;4.1
Davide Faraoni;Dif;Hellas Verona;0.3448275862068966;0.0;2.413793103448276;0.3448275862068966;0.6896551724137931;3.103448275862069;3.103448275862069;0.3448275862068966;3.103448275862069;2.9
Davide Frattesi;Cen;Inter;0.10526315789473684;0.0;0.7368421052631579;2.1052631578947367;0.3157894736842105;0.7368421052631579;3.8947368421052633;0.8421052631578947;1.1578947368421053;9.5
Davide Zappacosta;Dif;Atalanta;0.06097560975609757;0.0;0.6097560975609757;0.7317073170731708;0.6097560975609757;0.5487804878048781;3.414634146341464;0.30487804878048785;0.6097560975609757;16.4
Dele Alli;Cen;Como;0.0;10.0;10.0;0.0;0.0;0.0;0.0;0.0;0.0;0.1
Dennis Man;Att.Cen;Parma;0.0;0.0;0.3980099502487562;0.8457711442786069;0.3980099502487562;0.24875621890547261;3.134328358208955;0.4477611940298507;0.8457711442786069;20.1
Denzel Dumfries;Dif.Att;Inter;0.2040816326530612;0.0;2.6020408163265305;0.8163265306122448;0.3061224489795918;0.9183673469387754;3.010204081632653;2.704081632653061;0.8163265306122448;19.6
Devis Vásquez;Por;Empoli;0.08695652173913043;0.0;0.043478260869565216;0.13043478260869565;0.0;0.0;1.1304347826086956;0.30434782608695654;0.043478260869565216;23.0
Devyne Rensch;Dif;Roma;0.0;0.0;0.25641025641025644;1.5384615384615385;1.2820512820512822;2.307692307692308;2.5641025641025643;2.307692307692308;1.5384615384615385;3.9
Diego Coppola;Dif;Hellas Verona;0.3673469387755102;0.0;1.510204081632653;0.0;2.2448979591836733;1.183673469387755;2.5714285714285716;4.122448979591836;2.4081632653061225;24.5
Diego Pugno;Att;Juventus;0.0;0.0;0.0;0.0;0.0;0.0;10.0;0.0;20.0;0.1
Dodô;Dif;Fiorentina;0.21660649819494585;0.0;0.7220216606498195;1.660649819494585;1.1191335740072204;0.9386281588447654;5.5234657039711195;0.4332129963898917;0.5415162454873647;27.7
Domagoj Bradarić;Dif;Hellas Verona;0.35211267605633806;0.0;0.9859154929577465;0.6338028169014085;0.7746478873239437;1.3380281690140845;3.802816901408451;1.0563380281690142;1.3380281690140845;14.2
Domen Črnigoj;Cen;Venezia;0.0;0.0;1.3333333333333333;2.6666666666666665;2.6666666666666665;1.3333333333333333;5.333333333333333;1.3333333333333333;3.3333333333333335;1.5
Douglas Luiz;Cen;Juventus;0.37037037037037035;0.0;2.222222222222222;1.111111111111111;0.37037037037037035;1.4814814814814814;5.185185185185185;0.9259259259259258;0.5555555555555555;5.4
Drissa Camara;Cen.Att;Parma;0.7142857142857143;0.0;3.571428571428571;3.333333333333333;0.47619047619047616;1.6666666666666665;5.238095238095238;0.7142857142857143;1.9047619047619047;4.2
Duván Zapata;Att;Torino;0.15384615384615385;0.0;1.5384615384615385;1.2307692307692308;0.3076923076923077;0.7692307692307693;2.3076923076923075;3.076923076923077;4.3076923076923075;6.5
Dušan Vlahović;Att;Juventus;0.1829268292682927;0.0;1.2804878048780488;0.853658536585366;0.06097560975609757;0.06097560975609757;1.5853658536585367;1.707317073170732;2.1341463414634148;16.4
Edoardo Bove;Cen.Att;Fiorentina;0.3157894736842105;0.0;1.6842105263157894;2.210526315789474;0.631578947368421;1.7894736842105263;4.7368421052631575;1.1578947368421053;1.5789473684210527;9.5
Edoardo Goldaniga;Dif;Como;0.4477611940298507;0.04975124378109452;1.5920398009950247;0.8955223880597014;1.144278606965174;0.7960199004975124;2.6865671641791042;1.6417910447761193;1.0945273631840795;20.1
Eldor Shomurodov;Att;Roma;0.16129032258064516;0.0;0.9677419354838709;0.6451612903225806;0.0;0.3225806451612903;3.3870967741935485;3.064516129032258;3.064516129032258;6.2
Elia Caprile;Por;Cagliari;0.0;0.0;0.0;0.5;0.0;0.0;1.2;0.0;0.0;10.0
Elif Elmas;Att.Cen;Torino;0.0;0.0;2.2222222222222223;1.1111111111111112;0.8333333333333333;0.5555555555555556;3.0555555555555554;0.2777777777777778;0.5555555555555556;3.6
Elseid Hysaj;Dif;Lazio;0.0;0.0;0.0;0.4347826086956522;1.3043478260869565;2.173913043478261;4.347826086956522;2.173913043478261;1.7391304347826089;2.3
Emanuele Valeri;Dif;Parma;0.0;0.0;0.723404255319149;0.7659574468085106;0.9787234042553191;0.9787234042553191;3.574468085106383;0.5957446808510638;0.46808510638297873;23.5
Emerson;Dif;Milan;0.32679738562091504;0.0;2.2222222222222223;2.0915032679738563;0.9150326797385621;1.8300653594771241;3.856209150326797;1.5686274509803921;0.9150326797385621;15.3
Emil Audero;Por;Como;0.0;0.0;0.0;0.125;0.0;0.0;1.5;0.25;0.125;8.0
Emil Bohinen;Cen;Genoa;0.0;0.0;1.6666666666666665;1.6666666666666665;0.5555555555555556;2.2222222222222223;5.0;1.1111111111111112;0.5555555555555556;1.8
Emil Holm;Dif;Bologna;0.3125;0.0;1.3541666666666667;2.0833333333333335;0.8333333333333334;1.7708333333333335;3.854166666666667;2.1875;0.9375;9.6
Emmanuel Ekong;Cen.Att;Empoli;0.47619047619047616;0.0;1.4285714285714286;2.380952380952381;0.47619047619047616;1.4285714285714286;4.761904761904762;0.9523809523809523;3.333333333333333;2.1
Emmanuel Gyasi;Dif.Att;Empoli;0.14234875444839856;0.0;1.2455516014234875;0.5338078291814946;0.21352313167259784;0.9964412811387899;4.1637010676156585;1.103202846975089;1.9572953736654803;28.1
Enrico Del Prato;Dif;Parma;0.2109704641350211;0.0;0.5485232067510548;0.5063291139240507;0.759493670886076;0.5907172995780591;4.261603375527426;1.3924050632911393;1.350210970464135;23.7
Enzo Ebosse;Dif;Udinese;1.0;0.0;1.0;0.0;1.0;0.0;5.0;1.0;0.0;1.0
Enzo Le Fée;Cen;Roma;0.2857142857142857;0.0;1.7142857142857142;1.4285714285714286;1.4285714285714286;1.1428571428571428;6.285714285714286;0.5714285714285714;1.1428571428571428;3.5
Eybi Nije;Att.Cen;Torino;0.22727272727272727;0.0;2.727272727272727;2.727272727272727;0.0;0.22727272727272727;2.727272727272727;2.727272727272727;3.8636363636363633;4.4
Fabiano Parisi;Dif.Cen;Fiorentina;0.13333333333333333;0.0;1.2;2.933333333333333;1.4666666666666666;1.3333333333333333;4.933333333333334;1.3333333333333333;1.4666666666666666;7.5
Fabio Miretti;Cen.Att;Genoa;0.1183431952662722;0.0;1.2426035502958581;2.544378698224852;0.4142011834319527;0.8875739644970415;4.497041420118344;0.591715976331361;1.2426035502958581;16.9
Fali Candé;Dif;Venezia;0.25;0.0;1.375;1.125;0.875;1.75;5.375;2.625;1.625;8.0
Faride Alidou;Att.Cen;Hellas Verona;0.0;0.0;1.25;0.0;1.25;0.0;0.0;1.25;0.0;0.8
Faustino Anjorin;Cen;Empoli;0.18348623853211007;0.0;1.8348623853211008;1.4678899082568806;1.0091743119266054;1.1009174311926606;5.321100917431193;0.8256880733944953;0.9174311926605504;10.9
Federico Accornero;Cen;Genoa;0.0;0.0;0.0;0.0;0.0;0.0;10.0;0.0;10.0;0.1
Federico Barba;Dif;Como;0.0;0.0;0.625;0.20833333333333334;0.8333333333333334;0.4166666666666667;3.9583333333333335;1.0416666666666667;1.6666666666666667;4.8
Federico Baschirotto;Dif;Lecce;0.06896551724137931;0.0;0.896551724137931;0.20689655172413793;0.6551724137931034;0.6206896551724138;2.4482758620689653;2.3448275862068964;1.5517241379310345;29.0
Federico Cassa;Cen.Att;Atalanta;0.0;0.0;10.0;5.0;0.0;0.0;5.0;0.0;0.0;0.2
Federico Dimarco;Dif.Att;Inter;0.10695187165775401;0.0;0.8021390374331551;0.5347593582887701;0.5882352941176471;0.4812834224598931;3.1016042780748663;0.32085561497326204;0.4812834224598931;18.7
Federico Gatti;Dif;Juventus;0.08333333333333333;0.0;0.7916666666666666;0.75;0.7083333333333334;0.9583333333333334;4.541666666666667;1.4583333333333333;1.0833333333333333;24.0
Federico Ravaglia;Por;Bologna;0.0;0.0;0.0;0.25;0.0;0.0;1.25;0.375;0.0;8.0
Fellipe Jack;Dif;Como;1.0526315789473684;0.0;2.6315789473684212;0.5263157894736842;2.1052631578947367;2.1052631578947367;2.1052631578947367;2.1052631578947367;1.5789473684210527;1.9
Fikayo Tomori;Dif;Milan;0.27777777777777773;0.09259259259259259;0.6481481481481481;0.4629629629629629;1.0185185185185184;1.4814814814814814;3.888888888888889;1.9444444444444444;1.6666666666666665;10.8
Filip Marchwiński;Cen;Lecce;0.0;0.0;0.0;5.0;0.0;0.0;5.0;0.0;0.0;0.2
Filip Stankovic;Por;Venezia;0.06578947368421052;0.0;0.0;0.06578947368421052;0.0;0.0;0.986842105263158;0.32894736842105265;0.0;15.2
Filippo Melegoni;Cen.Att;Genoa;0.0;0.0;0.0;1.0;0.0;1.0;2.0;1.0;0.0;1.0
Filippo Terracciano;Dif.Cen;Milan;0.3389830508474576;0.0;1.3559322033898304;1.5254237288135593;1.0169491525423728;0.847457627118644;3.559322033898305;1.694915254237288;0.847457627118644;5.9
Fisayo Dele-Bashiru;Cen.Att;Lazio;0.0;0.0;0.8860759493670886;0.37974683544303794;0.5063291139240506;0.6329113924050632;5.3164556962025316;0.2531645569620253;1.2658227848101264;7.9
Flavius Daniliuc;Dif;Hellas Verona;0.0;0.0;1.1;0.2;0.7;1.8;3.8;1.7;1.5;10.0
Florian Thauvin;Att.Cen;Udinese;0.0;0.0;0.4608294930875576;1.2442396313364055;0.3225806451612903;0.6451612903225806;3.133640552995392;0.2304147465437788;0.4608294930875576;21.7
Florinel Coman;Att.Cen;Cagliari;0.6666666666666666;0.0;3.3333333333333335;3.3333333333333335;0.6666666666666666;2.0;6.0;1.3333333333333333;1.3333333333333333;1.5
Francesco Acerbi;Dif;Inter;0.0;0.0;0.6716417910447761;1.044776119402985;1.6417910447761193;0.9701492537313433;2.6865671641791042;3.134328358208955;1.5671641791044775;13.4
Francesco Camarda;Att.Cen;Milan;0.0;0.0;3.333333333333333;0.5555555555555556;0.0;1.1111111111111112;2.2222222222222223;2.7777777777777777;3.333333333333333;1.8
Francesco Caputo;Att;Empoli;0.0;0.0;0.0;0.0;0.0;0.0;10.0;0.0;0.0;0.1
Francesco Zampano;Dif;Venezia;0.28089887640449435;0.0;1.2921348314606742;1.0674157303370786;0.33707865168539325;1.1235955056179774;4.213483146067415;0.5056179775280899;1.0112359550561798;17.8
Francisco Conceição;Att;Juventus;0.43859649122807015;0.08771929824561403;1.6666666666666665;2.017543859649123;0.3508771929824561;0.7017543859649122;3.1578947368421053;0.08771929824561403;0.6140350877192983;11.4
Franco Carboni;Dif;Venezia;0.5;0.0;1.0;1.0;0.0;1.5;6.0;0.5;0.0;2.0
Frederic Guilbert;Dif;Lecce;0.09433962264150944;0.09433962264150944;1.2264150943396226;0.8962264150943396;1.7924528301886793;1.4150943396226416;3.349056603773585;1.3679245283018868;1.0377358490566038;21.2
Gabriel Charpentier;Att;Parma;0.3333333333333333;0.0;4.333333333333333;3.3333333333333335;0.0;1.0;4.0;3.0;4.666666666666667;3.0
Gabriel Strefezza;Att.Cen;Como;0.1694915254237288;0.0;1.7796610169491525;2.5;0.423728813559322;1.483050847457627;4.025423728813559;0.2966101694915254;0.7203389830508474;23.6
Gabriele Zappa;Dif;Cagliari;0.10989010989010989;0.0;0.7692307692307692;0.5494505494505494;0.6227106227106227;0.6959706959706959;3.6263736263736264;0.7692307692307692;0.7692307692307692;27.3
Gaby Jean;Dif;Lecce;0.0;0.0;0.9150326797385621;0.8496732026143791;0.5882352941176471;0.45751633986928103;3.594771241830065;2.679738562091503;1.5686274509803921;15.3
Gaetano Castrovilli;Cen;Monza;0.0;0.0;2.0833333333333335;0.4166666666666667;0.8333333333333334;1.6666666666666667;3.3333333333333335;0.0;0.4166666666666667;2.4
Gaetano Oristanio;Cen.Att;Venezia;0.13513513513513514;0.0;1.981981981981982;2.882882882882883;0.2702702702702703;0.45045045045045046;3.2432432432432434;0.5405405405405406;1.5315315315315317;22.2
Gastón Pereiro;Cen;Genoa;0.0;0.0;0.0;3.3333333333333335;0.0;0.0;0.0;3.3333333333333335;3.3333333333333335;0.3
Giacomo Raspadori;Att.Cen;Napoli;0.12195121951219513;0.0;0.7317073170731708;1.5853658536585367;0.24390243902439027;0.48780487804878053;3.9024390243902443;0.48780487804878053;0.9756097560975611;8.2
Giangiacomo Magnani;Dif;Hellas Verona;0.1694915254237288;0.0;0.6779661016949152;0.9322033898305084;1.4406779661016949;1.271186440677966;3.2203389830508473;2.4576271186440675;1.5254237288135593;11.8
Gianluca Busio;Cen;Venezia;0.14634146341463414;0.0;0.975609756097561;1.6097560975609757;0.6341463414634146;1.170731707317073;3.951219512195122;0.975609756097561;1.170731707317073;20.5
Gianluca Caprari;Cen.Att;Monza;0.2542372881355932;0.0;1.1016949152542372;2.542372881355932;0.2542372881355932;0.7627118644067796;3.7288135593220337;0.2542372881355932;0.7627118644067796;11.8
Gianluca Gaetano;Cen.Att;Cagliari;0.0;0.0;1.5384615384615385;0.8791208791208791;0.5494505494505495;0.6593406593406593;3.186813186813187;1.098901098901099;1.978021978021978;9.1
Gianluca Lapadula;Att.Cen;Cagliari;0.29411764705882354;0.0;2.6470588235294117;0.29411764705882354;0.0;0.0;1.4705882352941178;3.235294117647059;2.3529411764705883;3.4
Gianluca Mancini;Dif;Roma;0.19305019305019305;0.0;1.38996138996139;0.9266409266409267;1.196911196911197;0.7335907335907337;3.011583011583012;1.6602316602316602;0.9266409266409267;25.9
Gianluca Scamacca;Att;Atalanta;0.0;0.0;0.0;0.0;0.0;0.0;0.0;0.0;0.0;0.1
Giorgio Altare;Dif;Venezia;0.23809523809523808;0.0;1.1904761904761905;0.23809523809523808;2.0238095238095237;1.4285714285714286;3.214285714285714;2.261904761904762;2.0238095238095237;8.4
Giorgio Scalvini;Dif;Atalanta;0.6666666666666666;0.0;2.3333333333333335;0.3333333333333333;1.3333333333333333;1.3333333333333333;4.333333333333333;2.6666666666666665;2.0;3.0
Giorgos Kyriakopoulos;Dif;Monza;0.1639344262295082;0.0;0.8606557377049181;1.2295081967213115;0.7377049180327869;0.9426229508196722;2.7868852459016393;0.8606557377049181;0.9836065573770493;24.4
Giovanni Di Lorenzo;Dif;Napoli;0.13793103448275862;0.0;1.3793103448275863;1.3103448275862069;0.8620689655172413;1.2413793103448276;2.5172413793103448;1.3793103448275863;1.2413793103448276;29.0
Giovanni Fabbian;Cen;Bologna;0.2061855670103093;0.0;1.9587628865979383;2.061855670103093;0.2061855670103093;0.6185567010309279;2.8865979381443303;1.8556701030927836;2.8865979381443303;9.7
Giovanni Leoni;Dif;Parma;0.13333333333333333;0.13333333333333333;0.5333333333333333;0.5333333333333333;1.4666666666666666;0.26666666666666666;2.8;1.2;0.5333333333333333;7.5
Giovanni Simeone;Att;Napoli;0.24390243902439027;0.0;1.2195121951219514;3.414634146341464;0.24390243902439027;0.0;5.365853658536586;1.4634146341463417;7.8048780487804885;4.1
Giuseppe Pezzella;Dif.Att;Empoli;0.20833333333333334;0.0;1.5;1.2083333333333333;0.5416666666666666;1.0416666666666667;2.9583333333333335;0.875;0.6666666666666666;24.0
Gleison Bremer;Dif;Juventus;0.3333333333333333;0.0;1.5;0.8333333333333334;1.0;1.1666666666666667;3.8333333333333335;1.8333333333333333;1.1666666666666667;6.0
Grigoris Kastanos;Cen.Att;Hellas Verona;0.35294117647058826;0.0;1.2941176470588236;1.7647058823529411;0.8235294117647058;1.6470588235294117;4.9411764705882355;1.5294117647058822;1.6470588235294117;8.5
Guillermo Maripán;Dif;Torino;0.0;0.058823529411764705;0.9411764705882353;0.29411764705882354;1.3529411764705883;0.8235294117647058;3.235294117647059;2.764705882352941;2.0;17.0
Gustav Isaksen;Att;Lazio;0.20725388601036268;0.0;1.088082901554404;1.8134715025906736;0.41450777202072536;0.3626943005181347;2.5388601036269427;0.6217616580310881;1.1917098445595855;19.3
Gvidas Gineitis;Cen;Torino;0.1923076923076923;0.0;1.6346153846153846;1.346153846153846;0.9615384615384615;0.7692307692307692;3.173076923076923;0.673076923076923;1.25;10.4
Hakan Çalhanoğlu;Cen;Inter;0.19607843137254902;0.0;0.7843137254901961;0.7189542483660131;0.8496732026143791;1.0457516339869282;5.228758169934641;0.8496732026143791;1.1111111111111112;15.3
Hamza Rafia;Cen;Lecce;0.3389830508474576;0.0;2.2033898305084745;2.11864406779661;0.3389830508474576;2.2881355932203387;5.2542372881355925;0.423728813559322;1.1016949152542372;11.8
Hans Nicolussi Caviglia;Cen;Venezia;0.29411764705882354;0.04201680672268907;1.638655462184874;1.050420168067227;0.8823529411764706;0.8403361344537815;4.53781512605042;0.7563025210084033;0.7983193277310924;23.8
Hassane Kamara;Dif;Udinese;0.45454545454545453;0.06493506493506493;1.2337662337662338;1.0389610389610389;1.2987012987012987;1.4285714285714286;4.1558441558441555;0.974025974025974;0.5844155844155844;15.4
Henrikh Mkhitaryan;Cen;Inter;0.13215859030837004;0.0;1.145374449339207;0.7929515418502203;0.7048458149779736;0.881057268722467;4.669603524229075;0.7929515418502203;0.5286343612334802;22.7
Hernani;Cen;Parma;0.43859649122807015;0.0;2.017543859649123;1.7543859649122806;1.3157894736842104;1.7543859649122806;4.298245614035087;1.4912280701754386;1.4035087719298245;11.4
Honest Ahanor;Dif;Genoa;0.0;0.0;0.0;4.444444444444445;0.0;1.1111111111111112;5.555555555555555;0.0;1.1111111111111112;0.9
Ibrahim Sulemana;Cen;Atalanta;0.7142857142857143;0.0;1.4285714285714286;1.4285714285714286;0.0;1.4285714285714286;5.0;2.857142857142857;1.4285714285714286;1.4
Ignace Van Der Brempt;Dif;Como;0.2542372881355932;0.0;1.5254237288135593;1.1016949152542372;1.0169491525423728;2.542372881355932;3.813559322033898;1.1016949152542372;1.0169491525423728;11.8
Iker Bravo;Att.Cen;Udinese;0.6521739130434783;0.0;1.7391304347826089;1.7391304347826089;0.0;1.0869565217391306;5.217391304347826;2.173913043478261;4.565217391304349;4.6
Ionuț Radu;Por;Venezia;0.16666666666666666;0.0;0.0;0.0;0.0;0.0;0.8333333333333334;0.0;0.0;6.0
Isak Hien;Dif;Atalanta;0.3703703703703704;0.0;1.216931216931217;0.7407407407407408;1.1640211640211642;1.26984126984127;5.291005291005291;2.8042328042328046;1.7460317460317463;18.9
Ismael Konate;Att.Cen;Empoli;0.0;0.0;4.285714285714286;0.0;0.0;1.4285714285714286;1.4285714285714286;4.285714285714286;5.714285714285714;0.7
Ismaël Bennacer;Cen;Milan;0.6060606060606061;0.0;1.5151515151515151;1.5151515151515151;0.9090909090909092;1.2121212121212122;5.151515151515151;0.9090909090909092;0.30303030303030304;3.3
Issa Doumbia;Cen;Venezia;0.0;0.0;1.4864864864864864;1.081081081081081;0.9459459459459459;0.9459459459459459;4.324324324324324;1.8918918918918919;1.7567567567567566;7.4
Ivan Ilić;Cen;Torino;0.375;0.0;1.0;2.25;0.5;0.125;2.375;0.5;1.125;8.0
Ivan Provedel;Por;Lazio;0.0;0.0;0.0;0.17857142857142858;0.03571428571428571;0.0;1.5714285714285714;0.25;0.03571428571428571;28.0
Ivan Smolčić;Dif;Como;0.17857142857142858;0.0;1.4285714285714286;0.8928571428571429;1.6071428571428572;1.25;3.7500000000000004;1.9642857142857144;1.6071428571428572;5.6
Jackson Tchatchoua;Dif.Cen;Hellas Verona;0.22900763358778625;0.03816793893129771;0.8015267175572519;0.26717557251908397;0.3816793893129771;1.0687022900763359;3.320610687022901;0.9923664122137404;0.916030534351145;26.2
Jacob Ondrejka;Cen.Att;Parma;0.0;0.0;0.0;3.75;1.25;0.0;5.0;0.0;2.5;0.8
Jacopo Bacci;Cen;Empoli;0.0;0.0;0.0;10.0;10.0;0.0;0.0;0.0;0.0;0.1
Jacopo Fazzini;Cen.Att;Empoli;0.11764705882352941;0.0;2.1176470588235294;2.3529411764705883;0.5882352941176471;1.2941176470588236;4.705882352941177;0.9411764705882353;1.2941176470588236;8.5
Jacopo Seghetti;Por;Empoli;0.0;0.0;0.0;0.0;0.0;0.0;0.0;0.0;0.0;1.0
Jaka Bijol;Dif;Udinese;0.2962962962962963;0.0;1.3703703703703705;0.2962962962962963;1.2222222222222223;0.7407407407407407;2.962962962962963;3.074074074074074;1.7037037037037037;27.0
James Abankwah;Dif.Cen;Udinese;1.0;0.0;4.0;3.0;1.0;2.0;7.0;2.0;2.0;1.0
Jay Idzes;Dif;Venezia;0.11235955056179775;0.0;1.4232209737827717;0.37453183520599254;0.8239700374531835;0.9363295880149813;2.7715355805243447;1.7602996254681649;2.1722846441947565;26.7
Jean Butez;Por;Como;0.0;0.0;0.09090909090909091;0.09090909090909091;0.0;0.0;2.272727272727273;0.36363636363636365;0.0;11.0
Jean Onana;Cen;Genoa;0.0;0.0;5.0;0.0;1.6666666666666667;3.3333333333333335;6.666666666666667;1.6666666666666667;10.0;0.6
Jean-Daniel Akpa-Akpro;Cen.Dif;Monza;0.7407407407407407;0.0;4.444444444444444;1.111111111111111;0.7407407407407407;1.111111111111111;8.148148148148147;1.8518518518518516;2.962962962962963;2.7
Jeff Ekhator;Att.Cen;Genoa;0.136986301369863;0.0;1.7808219178082192;1.36986301369863;0.136986301369863;0.4109589041095891;3.8356164383561646;1.9178082191780823;4.2465753424657535;7.3
Jens Odgaard;Cen.Att;Bologna;0.05813953488372093;0.0;2.0348837209302326;1.802325581395349;0.46511627906976744;0.813953488372093;3.255813953488372;2.0348837209302326;2.8488372093023258;17.2
Jesper Karlsson;Att;Bologna;0.30303030303030304;0.0;1.8181818181818183;1.2121212121212122;0.0;0.0;2.4242424242424243;0.6060606060606061;1.2121212121212122;3.3
Jesper Karlström;Cen;Udinese;0.22556390977443608;0.0;0.9774436090225563;0.6766917293233082;1.0902255639097744;0.9774436090225563;4.360902255639098;0.9774436090225563;0.8646616541353384;26.6
Jesse Joronen;Por;Venezia;0.0;0.0;0.12820512820512822;0.0;0.0;0.0;1.4102564102564104;0.38461538461538464;0.0;7.8
Jhon Lucumí;Dif;Bologna;0.22831050228310504;0.04566210045662101;0.7762557077625571;0.31963470319634707;0.8675799086757991;0.8675799086757991;5.981735159817352;1.4611872146118723;1.3698630136986303;21.9
Joaquín Correa;Att.Cen;Inter;0.35714285714285715;0.0;1.4285714285714286;1.7857142857142858;0.0;0.35714285714285715;5.0;1.4285714285714286;3.2142857142857144;2.8
Joel Pohjanpalo;Att;Venezia;0.056179775280898875;0.0;0.6741573033707865;0.8426966292134831;0.2247191011235955;0.16853932584269662;1.1235955056179774;2.5842696629213484;3.3146067415730336;17.8
Johan Vásquez;Dif;Genoa;0.2641509433962264;0.0;0.9056603773584906;0.7924528301886793;1.3962264150943395;0.6415094339622641;3.7358490566037736;2.641509433962264;2.2264150943396226;26.5
John Yeboah;Att.Cen;Venezia;0.6578947368421053;0.0;1.3157894736842106;1.3157894736842106;0.39473684210526316;0.39473684210526316;3.4210526315789473;0.5263157894736842;0.7894736842105263;7.6
Jonas Rouhi;Dif;Juventus;0.0;0.0;1.7391304347826089;0.8695652173913044;1.3043478260869565;0.4347826086956522;6.521739130434783;0.0;1.7391304347826089;2.3
Jonathan Ikone;Att.Cen;Fiorentina;0.0;0.0;0.8108108108108107;1.8918918918918919;0.27027027027027023;0.5405405405405405;5.135135135135135;0.0;1.6216216216216215;3.7
Jordan Zemura;Dif;Udinese;0.14285714285714285;0.0;1.4285714285714286;0.42857142857142855;1.0714285714285714;0.9285714285714286;4.0;0.42857142857142855;0.9285714285714286;14.0
Josep Martinez;Por;Inter;0.0;0.0;0.0;0.3333333333333333;0.0;0.0;0.6666666666666666;0.3333333333333333;0.0;3.0
José Luis Palomino;Dif;Cagliari;0.18867924528301888;0.0;0.37735849056603776;0.18867924528301888;1.6981132075471699;1.3207547169811322;3.9622641509433962;0.7547169811320755;1.3207547169811322;5.3
João Félix;Cen;Milan;0.2127659574468085;0.0;1.0638297872340425;2.978723404255319;0.0;0.6382978723404255;3.829787234042553;0.851063829787234;1.0638297872340425;4.7
Joël Schingtienne;Dif;Venezia;0.29850746268656714;0.0;0.7462686567164178;0.0;1.1940298507462686;1.3432835820895521;4.626865671641791;0.44776119402985076;1.044776119402985;6.7
Juan Cuadrado;Dif.Cen;Atalanta;0.14705882352941177;0.0;0.4411764705882353;2.6470588235294117;0.7352941176470589;1.1764705882352942;3.235294117647059;1.3235294117647058;0.29411764705882354;6.8
Juan David Cabal;Dif;Juventus;0.0;0.0;1.3725490196078431;1.9607843137254903;0.3921568627450981;0.7843137254901962;3.9215686274509807;1.5686274509803924;0.5882352941176471;5.1
Juan Jesus;Dif;Napoli;0.2;0.0;1.3;0.1;0.7;1.1;2.8;2.0;0.8;10.0
Juan Miranda;Dif;Bologna;0.16129032258064516;0.0;0.9677419354838709;1.182795698924731;1.021505376344086;0.8602150537634408;3.8709677419354835;1.3978494623655913;1.5053763440860215;18.6
Juan Musso;Por;Atalanta;0.0;0.0;0.0;1.0;0.0;0.0;1.0;0.0;0.0;1.0
Junior Ajayi;Att;Hellas Verona;;;;;;;;;;0.0
Junior Messias;Cen.Att;Genoa;0.16666666666666666;0.0;0.5;1.6666666666666667;0.8333333333333334;0.8333333333333334;3.6666666666666665;1.8333333333333333;2.8333333333333335;6.0
Junior Sambia;Dif.Att;Empoli;0.0;0.0;1.111111111111111;0.7407407407407407;0.37037037037037035;2.962962962962963;4.814814814814815;1.4814814814814814;1.111111111111111;2.7
Jurgen Ekkelenkamp;Cen;Udinese;0.06622516556291391;0.0;1.390728476821192;0.8609271523178809;0.5960264900662252;1.3245033112582782;4.437086092715232;0.794701986754967;0.728476821192053;15.1
Kacper Urbanski;Cen;Monza;0.0;0.0;1.0869565217391306;0.6521739130434783;0.4347826086956522;0.4347826086956522;3.695652173913044;0.8695652173913044;2.3913043478260874;4.6
Karol Linetty;Cen;Torino;0.4225352112676057;0.0;2.1126760563380285;0.7746478873239437;0.8450704225352114;1.4788732394366197;3.802816901408451;0.4225352112676057;0.7746478873239437;14.2
Keinan Davis;Att;Udinese;0.2531645569620253;0.0;2.0253164556962022;1.3924050632911391;0.12658227848101264;0.37974683544303794;3.4177215189873418;2.6582278481012658;2.4050632911392404;7.9
Keita Baldé;Att;Monza;0.0;0.0;0.9677419354838709;4.193548387096774;0.3225806451612903;0.3225806451612903;0.9677419354838709;0.9677419354838709;3.225806451612903;3.1
Kenan Yıldız;Att.Cen;Juventus;0.04807692307692307;0.0;0.9134615384615384;1.971153846153846;0.1923076923076923;1.25;4.086538461538462;0.28846153846153844;1.1538461538461537;20.8
Kevin Bonifazi;Dif;Lecce;0.0;0.0;0.0;0.0;2.857142857142857;1.4285714285714286;10.0;1.4285714285714286;1.4285714285714286;0.7
Kevin Martins;Cen.Dif;Monza;0.5;0.0;1.5;2.0;0.5;2.0;6.0;1.0;0.5;2.0
Kevin Zeroli;Cen;Monza;0.0;0.0;0.8571428571428571;0.2857142857142857;0.5714285714285714;0.2857142857142857;3.7142857142857144;1.1428571428571428;0.5714285714285714;3.5
Khvicha Kvaratskhelia;Att.Cen;Napoli;0.07633587786259542;0.0;0.916030534351145;2.519083969465649;0.3053435114503817;0.6870229007633588;3.435114503816794;0.3053435114503817;0.3816793893129771;13.1
Khéphren Thuram;Cen;Juventus;0.16483516483516483;0.0;1.2637362637362637;0.8791208791208791;0.43956043956043955;0.6593406593406593;4.175824175824176;1.208791208791209;1.098901098901099;18.2
Kialonda;Dif;Lecce;0.2;0.0;0.4;0.8;1.1333333333333333;0.4666666666666667;2.3333333333333335;3.6666666666666665;1.6;15.0
Kike Pérez;Cen;Venezia;0.3278688524590164;0.0;1.8032786885245902;1.1475409836065575;0.9836065573770493;2.295081967213115;4.59016393442623;1.639344262295082;0.819672131147541;6.1
Kingsley Ehizibue;Dif;Udinese;0.18779342723004694;0.0;1.220657276995305;1.220657276995305;0.8450704225352113;1.2676056338028168;4.131455399061033;1.1267605633802817;1.1737089201877935;21.3
Kingstone Mutandwa;Cen.Att;Cagliari;0.0;0.0;4.444444444444445;1.1111111111111112;0.0;0.0;4.444444444444445;1.1111111111111112;2.2222222222222223;0.9
Konan N'dri;Att;Lecce;0.0;0.0;1.6666666666666667;0.0;0.0;1.6666666666666667;1.6666666666666667;1.6666666666666667;0.0;0.6
Koni De Winter;Dif;Genoa;0.3105590062111801;0.0;1.7391304347826086;0.5590062111801242;0.8695652173913043;0.9937888198757763;4.161490683229813;3.8509316770186333;1.4906832298136645;16.1
Kristjan Asllani;Cen;Inter;0.44776119402985076;0.0;1.1940298507462686;1.791044776119403;0.7462686567164178;0.14925373134328357;5.3731343283582085;0.44776119402985076;0.44776119402985076;6.7
Kyle Walker;Dif;Milan;0.0;0.0;0.8333333333333334;0.625;1.0416666666666667;1.6666666666666667;5.625;1.0416666666666667;0.0;4.8
Lameck Banda;Att.Cen;Lecce;0.1724137931034483;0.0;1.5517241379310345;3.103448275862069;0.3448275862068966;0.6896551724137931;3.6206896551724137;0.3448275862068966;2.0689655172413794;5.8
Lassana Coulibaly;Cen;Lecce;0.09174311926605504;0.0;1.238532110091743;1.5137614678899083;0.6880733944954128;0.9174311926605504;5.045871559633027;0.963302752293578;1.238532110091743;21.8
Lautaro Gianetti;Dif;Udinese;0.4301075268817204;0.0;0.6451612903225806;0.0;1.6129032258064515;1.075268817204301;2.6881720430107525;2.7956989247311825;1.2903225806451613;9.3
Lautaro Martínez;Att;Inter;0.0;0.0;1.3147410358565736;1.5537848605577689;0.3585657370517928;0.597609561752988;2.7091633466135456;1.195219123505976;1.4342629482071712;25.1
Lautaro Valenti;Dif;Parma;0.3;0.0;1.0;0.1;0.5;0.9;3.1;1.3;1.2;10.0
Lazar Samardzic;Cen.Att;Atalanta;0.18181818181818182;0.0;1.3636363636363635;0.7272727272727273;0.18181818181818182;1.0909090909090908;3.909090909090909;0.2727272727272727;1.5454545454545454;11.0
Leandro Chichizola;Por;Parma;0.0;0.0;0.0;0.0;0.0;0.0;0.0;1.0;0.0;1.0
Leandro Paredes;Cen;Roma;0.2380952380952381;0.0;1.0317460317460319;0.9523809523809524;1.3492063492063493;1.1111111111111112;5.476190476190476;0.5555555555555556;0.15873015873015872;12.6
Leonardo Pavoletti;Att.Cen;Cagliari;0.8571428571428571;0.0;5.428571428571429;0.8571428571428571;0.0;0.0;2.2857142857142856;10.857142857142858;9.428571428571429;3.5
Leonardo Spinazzola;Dif.Att;Napoli;0.09259259259259259;0.0;0.4629629629629629;0.5555555555555555;0.37037037037037035;0.7407407407407407;3.796296296296296;0.27777777777777773;0.27777777777777773;10.8
Lewis Ferguson;Cen;Bologna;0.0;0.0;3.043478260869565;1.5942028985507246;0.43478260869565216;1.3043478260869565;2.753623188405797;1.0144927536231882;1.4492753623188406;6.9
Liam Henderson;Cen;Empoli;0.4020100502512563;0.0;3.1155778894472363;0.9045226130653267;0.6532663316582915;0.8542713567839196;3.1155778894472363;0.4020100502512563;0.8040201005025126;19.9
Liberato Cacace;Dif.Cen;Empoli;0.2298850574712644;0.0;0.9770114942528736;0.8045977011494253;0.7471264367816093;1.149425287356322;4.022988505747127;1.781609195402299;1.781609195402299;17.4
Lior Kasa;Cen.Att;Genoa;1.1764705882352942;0.0;1.1764705882352942;1.7647058823529411;1.1764705882352942;1.7647058823529411;6.470588235294118;0.5882352941176471;1.7647058823529411;1.7
Lloyd Kelly;Dif;Juventus;0.23255813953488372;0.0;1.8604651162790697;0.46511627906976744;0.23255813953488372;0.6976744186046512;5.116279069767442;2.558139534883721;3.488372093023256;4.3
Lorenzo Anghelè;Att;Juventus;0.0;0.0;0.0;0.0;0.0;0.0;0.0;0.0;20.0;0.1
Lorenzo Colombo;Att.Cen;Empoli;0.13953488372093023;0.0;1.813953488372093;1.5813953488372092;0.09302325581395349;0.5581395348837209;2.8372093023255816;2.13953488372093;4.790697674418604;21.5
Lorenzo De Silvestri;Dif;Bologna;0.11764705882352941;0.0;1.8823529411764706;0.7058823529411765;0.8235294117647058;0.7058823529411765;2.235294117647059;1.1764705882352942;1.411764705882353;8.5
Lorenzo Lucca;Att;Udinese;0.36529680365296807;0.0;2.3744292237442925;2.0091324200913245;0.22831050228310504;0.27397260273972607;1.6894977168949772;2.2374429223744294;2.6940639269406392;21.9
Lorenzo Montipò;Por;Hellas Verona;0.0;0.0;0.0;0.25;0.0;0.0;0.7142857142857143;0.21428571428571427;0.03571428571428571;28.0
Lorenzo Pellegrini;Cen;Roma;0.2597402597402597;0.0;1.4935064935064934;1.4935064935064934;0.3246753246753247;0.9090909090909091;3.571428571428571;0.6493506493506493;1.2337662337662338;15.4
Lorenzo Tosto;Dif;Empoli;;;;;;;;;;0.0
Lorenzo Venturino;Att.Cen;Genoa;0.0;0.0;2.5;2.5;0.0;2.5;7.5;2.5;0.0;0.4
Loum Tchaouna;Att.Cen;Lazio;0.6060606060606061;0.15151515151515152;1.5151515151515151;0.9090909090909092;0.4545454545454546;0.6060606060606061;2.272727272727273;0.7575757575757576;3.9393939393939394;6.6
Luca Caldirola;Dif;Monza;0.37037037037037035;0.0;2.4074074074074074;1.2962962962962963;0.7407407407407407;0.5555555555555555;1.6666666666666665;1.6666666666666665;1.4814814814814814;5.4
Luca Marianucci;Dif;Empoli;0.0;0.18518518518518517;1.4814814814814814;0.37037037037037035;1.111111111111111;1.111111111111111;4.444444444444444;2.5925925925925926;3.333333333333333;5.4
Luca Mazzitelli;Cen;Como;0.27027027027027023;0.0;2.4324324324324325;1.081081081081081;0.8108108108108107;1.6216216216216215;3.7837837837837838;0.5405405405405405;1.6216216216216215;3.7
Luca Pellegrini;Dif;Lazio;0.3278688524590164;0.0;1.9672131147540985;1.3114754098360657;1.9672131147540985;1.1475409836065575;4.59016393442623;0.819672131147541;0.9836065573770493;6.1
Luca Ranieri;Dif;Fiorentina;0.15037593984962405;0.0;0.5639097744360902;0.6015037593984962;0.7518796992481203;0.5639097744360902;2.669172932330827;1.4285714285714286;1.6917293233082706;26.6
Lucas Beltrán;Cen.Att;Fiorentina;0.17647058823529413;0.0;1.1764705882352942;2.0;0.23529411764705882;0.5294117647058824;2.8823529411764706;1.1764705882352942;2.588235294117647;17.0
Lucas Da Cunha;Cen;Como;0.14563106796116504;0.0;0.6796116504854368;0.9708737864077669;0.5825242718446602;0.7281553398058251;5.485436893203883;0.5825242718446602;0.7281553398058251;20.6
Lucas Gourna-Douath;Cen;Roma;1.3333333333333333;0.0;2.6666666666666665;1.3333333333333333;0.0;1.3333333333333333;2.6666666666666665;0.0;0.6666666666666666;1.5
Lucas Martínez Quarta;Dif;Fiorentina;0.25641025641025644;0.0;2.0512820512820515;0.5128205128205129;0.7692307692307693;1.794871794871795;3.3333333333333335;3.076923076923077;2.5641025641025643;3.9
Luka Jović;Att;Milan;0.7142857142857143;0.0;2.142857142857143;2.142857142857143;0.7142857142857143;0.0;0.7142857142857143;2.142857142857143;3.5714285714285716;1.4
Maat Daniel Caprini;Att;Fiorentina;0.0;0.0;0.0;0.0;0.0;0.0;20.0;0.0;20.0;0.1
Maduka Okoye;Por;Udinese;0.0625;0.0;0.0;0.0625;0.0;0.0;1.6875;0.3125;0.0;16.0
Magnus Kofod Andersen;Cen;Venezia;0.12987012987012986;0.0;0.9090909090909091;0.6493506493506493;0.7792207792207793;0.5194805194805194;4.025974025974026;1.0389610389610389;0.9090909090909091;7.7
Malick Thiaw;Dif;Milan;0.10989010989010989;0.0;1.208791208791209;0.27472527472527475;0.7692307692307693;0.8241758241758242;3.296703296703297;2.4725274725274726;1.4835164835164836;18.2
Mandela Keita;Cen;Parma;0.49180327868852464;0.0819672131147541;1.557377049180328;1.9672131147540985;0.6557377049180328;1.4754098360655739;4.754098360655738;0.9016393442622951;0.6557377049180328;12.2
Manu Koné;Cen;Roma;0.2512562814070352;0.0;1.0050251256281408;3.0653266331658293;0.6532663316582915;0.8542713567839196;3.7688442211055277;0.6532663316582915;1.105527638190955;19.9
Manuel Lazzari;Dif;Lazio;0.14492753623188406;0.0;0.7246376811594203;1.7391304347826086;0.5072463768115941;0.9420289855072463;3.043478260869565;0.36231884057971014;0.9420289855072463;13.8
Manuel Locatelli;Cen;Juventus;0.2643171806167401;0.0;1.5859030837004406;0.7048458149779736;0.7929515418502203;1.3215859030837005;4.4493392070484585;1.1894273127753305;0.6607929515418502;22.7
Marc-Oliver Kempf;Dif;Como;0.23696682464454974;0.04739336492890995;0.7109004739336492;0.6161137440758293;1.3744075829383886;0.7582938388625592;3.696682464454976;3.554502369668246;1.3744075829383886;21.1
Marco Brescianini;Cen;Atalanta;0.11235955056179775;0.0;2.134831460674157;0.6741573033707865;0.2247191011235955;0.898876404494382;4.157303370786517;1.0112359550561798;1.0112359550561798;8.9
Marco Carnesecchi;Por;Atalanta;0.038461538461538464;0.0;0.0;0.15384615384615385;0.0;0.0;1.5769230769230769;0.23076923076923078;0.0;26.0
Marco Palestra;Dif;Atalanta;0.0;0.0;0.8333333333333334;5.0;0.0;3.3333333333333335;1.6666666666666667;0.8333333333333334;0.8333333333333334;1.2
Marco Sala;Dif;Como;1.0344827586206897;0.0;1.7241379310344829;0.3448275862068966;0.3448275862068966;2.0689655172413794;3.793103448275862;0.3448275862068966;0.6896551724137931;2.9
Marco Silvestri;Por;Empoli;0.0;0.0;0.0;0.0;0.0;0.0;1.2;0.2;0.0;5.0
Marco Sportiello;Por;Milan;0.0;0.0;0.0;0.0;0.0;0.0;1.0;0.0;0.0;1.0
Marcus Pedersen;Dif;Torino;0.2362204724409449;0.0;1.1811023622047245;0.3937007874015748;0.9448818897637796;0.3937007874015748;2.440944881889764;0.4724409448818898;1.3385826771653544;12.7
Marcus Thuram;Att;Inter;0.04504504504504505;0.0;1.1711711711711712;1.4864864864864866;0.13513513513513514;0.40540540540540543;2.7927927927927927;1.7567567567567568;1.1711711711711712;22.2
Marin Pongračić;Dif;Fiorentina;0.3658536585365854;0.12195121951219513;1.3414634146341464;0.24390243902439027;0.7317073170731708;1.0975609756097562;4.2682926829268295;1.9512195121951221;0.7317073170731708;8.2
Marin Šverko;Dif;Venezia;0.25862068965517243;0.0;0.7758620689655172;0.6896551724137931;1.3793103448275863;0.5172413793103449;3.6206896551724137;1.5517241379310345;1.5517241379310345;11.6
Mario Balotelli;Att.Cen;Genoa;2.857142857142857;0.0;2.857142857142857;2.857142857142857;0.0;0.0;1.4285714285714286;2.857142857142857;2.857142857142857;0.7
Mario Gila;Dif;Lazio;0.24793388429752067;0.0;0.9917355371900827;1.115702479338843;0.8677685950413223;1.2396694214876034;4.710743801652892;2.31404958677686;2.1487603305785123;24.2
Mario Hermoso;Dif;Roma;0.7142857142857143;0.35714285714285715;2.5;0.35714285714285715;1.4285714285714286;0.35714285714285715;3.928571428571429;1.0714285714285714;1.7857142857142858;2.8
Mario Pašalić;Cen;Atalanta;0.0591715976331361;0.0;0.8875739644970415;0.3550295857988166;0.7100591715976332;0.8284023668639054;5.502958579881657;1.4792899408284026;1.183431952662722;16.9
Marko Arnautović;Att;Inter;0.37037037037037035;0.0;1.4814814814814814;0.7407407407407407;0.37037037037037035;1.8518518518518516;2.222222222222222;2.222222222222222;0.37037037037037035;2.7
Marten de Roon;Cen.Dif;Atalanta;0.19230769230769232;0.0;1.4615384615384615;0.6153846153846154;1.2692307692307692;1.3846153846153846;4.5;1.3846153846153846;0.9615384615384616;26.0
Martin Erlic;Dif;Bologna;0.0;0.0;1.5625;2.1875;0.625;0.0;2.8125;2.8125;2.5;3.2
Martin Frese;Dif;Hellas Verona;0.0;0.0;1.8918918918918919;1.8918918918918919;1.6216216216216215;1.8918918918918919;1.8918918918918919;1.8918918918918919;1.8918918918918919;3.7
Martín Payero;Cen;Udinese;0.3305785123966942;0.0;2.231404958677686;2.231404958677686;0.8264462809917356;0.9090909090909092;4.793388429752066;1.4049586776859504;1.4876033057851241;12.1
Mateo Pellegrino;Att;Parma;0.625;0.0;4.375;3.125;0.0;0.0;0.625;4.375;5.625;1.6
Mateo Retegui;Att;Atalanta;0.10810810810810811;0.0;0.972972972972973;1.2972972972972974;0.10810810810810811;0.3783783783783784;2.5945945945945947;1.8918918918918919;2.5945945945945947;18.5
Mateusz Kowalski;Cen;Parma;0.0;0.0;1.6666666666666667;0.0;0.0;0.0;0.0;0.0;5.0;0.6
Mateusz Wieteska;Dif;Cagliari;0.5;0.0;2.0;0.0;3.5;0.0;5.5;1.0;3.5;2.0
Mathias Løvik;Dif.Att;Parma;0.0;0.0;2.2222222222222223;0.0;2.2222222222222223;0.0;2.2222222222222223;2.2222222222222223;2.2222222222222223;0.9
Mathis Lambourde;Att.Cen;Hellas Verona;1.6666666666666667;0.0;5.0;0.0;0.0;1.6666666666666667;3.3333333333333335;1.6666666666666667;5.0;0.6
Mathías Olivera;Dif;Napoli;0.16949152542372883;0.0;1.2429378531073447;0.8474576271186441;1.2994350282485876;1.6384180790960452;3.5028248587570623;1.3559322033898307;1.073446327683616;17.7
Matias Moreno;Dif;Fiorentina;0.0;0.0;2.5;0.0;0.625;5.0;3.125;1.875;2.5;1.6
Mats Hummels;Dif;Roma;0.1149425287356322;0.0;0.9195402298850576;0.3448275862068966;2.6436781609195403;1.3793103448275863;4.022988505747127;2.0689655172413794;1.3793103448275863;8.7
Matteo Cancellieri;Att.Cen;Parma;0.12658227848101264;0.06329113924050632;1.5822784810126582;2.5949367088607596;0.8227848101265822;1.0126582278481011;3.481012658227848;1.8354430379746836;1.7721518987341771;15.8
Matteo Darmian;Dif;Inter;0.15384615384615385;0.0;1.5384615384615385;1.1538461538461537;0.23076923076923078;0.9230769230769231;1.8461538461538463;1.0;0.8461538461538461;13.0
Matteo Gabbia;Dif;Milan;0.1875;0.0;0.9375;0.3125;0.6875;0.4375;2.625;2.125;1.5;16.0
Matteo Pessina;Cen;Monza;0.21052631578947367;0.0;0.5263157894736842;1.368421052631579;1.263157894736842;0.42105263157894735;6.105263157894737;1.0526315789473684;0.8421052631578947;9.5
Matteo Politano;Att.Cen;Napoli;0.08733624454148473;0.0;0.39301310043668125;1.1353711790393013;0.39301310043668125;0.48034934497816595;3.14410480349345;0.26200873362445415;0.5240174672489083;22.9
Matteo Prati;Cen;Cagliari;0.27027027027027023;0.0;1.6216216216216215;1.3513513513513513;0.8108108108108107;0.5405405405405405;4.0540540540540535;0.0;0.8108108108108107;3.7
Matteo Ruggeri;Dif;Atalanta;0.11904761904761904;0.0;0.6547619047619048;0.2976190476190476;0.8928571428571428;1.25;6.428571428571428;1.25;0.6547619047619048;16.8
Matthias Braunöder;Cen;Como;1.0;0.3333333333333333;3.3333333333333335;1.6666666666666667;0.6666666666666666;1.3333333333333333;2.6666666666666665;0.3333333333333333;1.3333333333333333;3.0
Mattia Bani;Dif;Genoa;0.2027027027027027;0.0;0.33783783783783783;0.5405405405405405;1.2837837837837838;0.6081081081081081;3.378378378378378;1.4189189189189189;1.4189189189189189;14.8
Mattia De Sciglio;Dif;Empoli;0.0;0.0;0.8235294117647058;0.5882352941176471;0.9411764705882353;1.5294117647058822;3.176470588235294;0.7058823529411765;0.23529411764705882;8.5
Mattia Felici;Cen.Att;Cagliari;0.10989010989010989;0.0;1.7582417582417582;1.7582417582417582;0.6593406593406593;1.3186813186813187;4.835164835164836;0.6593406593406593;0.989010989010989;9.1
Mattia Liberali;Cen;Milan;0.0;0.0;1.4285714285714286;0.0;0.0;1.4285714285714286;5.714285714285714;1.4285714285714286;0.0;0.7
Mattia Perin;Por;Juventus;0.0;0.0;0.0;0.0;0.0;0.0;1.2;0.2;0.0;5.0
Mattia Valoti;Cen;Monza;2.5;0.0;5.0;5.0;0.0;7.5;7.5;0.0;2.5;0.4
Mattia Viti;Dif;Empoli;0.04950495049504951;0.0;0.8910891089108911;0.9900990099009901;1.8811881188118813;1.7326732673267327;3.7623762376237626;1.7326732673267327;1.5841584158415842;20.2
Mattia Zaccagni;Att;Lazio;0.30567685589519655;0.0;1.091703056768559;3.3187772925764194;0.9170305676855895;0.9170305676855895;2.8820960698689957;0.6550218340611355;0.6113537117903931;22.9
Mattéo Guendouzi;Cen;Lazio;0.1413427561837456;0.0;0.7773851590106007;0.8833922261484098;0.8833922261484098;0.4946996466431095;4.558303886925795;0.45936395759717313;0.42402826855123676;28.3
Matìas Soulé;Cen.Att;Roma;0.17543859649122806;0.0;0.8771929824561403;2.280701754385965;0.3508771929824561;0.7017543859649122;5.614035087719298;0.7017543859649122;0.9649122807017544;11.4
Matías Vecino;Cen;Lazio;0.6756756756756757;0.0;2.2972972972972974;0.27027027027027023;0.6756756756756757;0.8108108108108107;3.108108108108108;2.8378378378378377;1.7567567567567566;7.4
Maxence Caqueret;Cen;Como;0.3389830508474576;0.0;1.1864406779661016;0.5084745762711864;0.3389830508474576;1.8644067796610169;5.084745762711864;0.3389830508474576;0.847457627118644;5.9
Maxwel Cornet;Att.Cen;Genoa;0.0;0.0;0.0;0.3846153846153846;0.7692307692307692;0.3846153846153846;5.0;0.3846153846153846;3.0769230769230766;2.6
Medon Berisha;Cen;Lecce;0.7142857142857143;0.0;2.142857142857143;1.25;1.25;0.8928571428571429;4.285714285714286;0.8928571428571429;0.7142857142857143;5.6
Mehdi Taremi;Att;Inter;0.15873015873015872;0.0;1.1111111111111112;1.2698412698412698;0.0;0.15873015873015872;3.492063492063492;2.2222222222222223;2.380952380952381;6.3
Michael Folorunsho;Att.Cen;Fiorentina;0.7407407407407407;0.0;2.0370370370370368;3.7037037037037033;0.5555555555555555;1.6666666666666665;3.7037037037037033;2.0370370370370368;2.0370370370370368;5.4
Michael Kayode;Dif.Att;Fiorentina;0.0;0.0;0.7142857142857143;1.4285714285714286;1.4285714285714286;0.7142857142857143;4.285714285714286;1.4285714285714286;0.0;1.4
Michael Svoboda;Dif;Venezia;0.0684931506849315;0.0;0.4794520547945206;0.7534246575342466;1.5068493150684932;0.9589041095890412;4.863013698630137;2.397260273972603;1.9178082191780823;14.6
Michel Aebischer;Cen;Bologna;0.0;0.0;1.9148936170212765;2.127659574468085;1.0638297872340425;1.4893617021276595;4.468085106382978;0.851063829787234;1.276595744680851;4.7
Michel Ndary Adopo;Cen;Cagliari;0.2185792349726776;0.0546448087431694;1.2021857923497268;0.6010928961748634;0.819672131147541;1.256830601092896;4.754098360655737;0.9836065573770492;0.819672131147541;18.3
Michele Di Gregorio;Por;Juventus;0.0;0.0;0.0;0.16666666666666666;0.0;0.0;1.0;0.20833333333333334;0.041666666666666664;24.0
Mikael Ellertsson;Dif.Cen;Venezia;0.04608294930875576;0.0;0.7373271889400922;1.4746543778801844;0.599078341013825;0.967741935483871;2.9953917050691246;0.4608294930875576;0.599078341013825;21.7
Mike Maignan;Por;Milan;0.03571428571428571;0.0;0.03571428571428571;0.17857142857142858;0.0;0.0;1.8214285714285714;0.14285714285714285;0.0;28.0
Milan Badelj;Cen;Genoa;0.1342281879194631;0.0;1.1409395973154361;1.1409395973154361;1.2080536912751678;0.8053691275167785;4.496644295302013;0.6711409395973155;0.33557046979865773;14.9
Milan Đurić;Att;Monza;0.2127659574468085;0.0;1.2056737588652482;1.2765957446808511;0.14184397163120568;0.07092198581560284;0.9219858156028369;9.361702127659575;3.546099290780142;14.1
Mile Svilar;Por;Roma;0.034482758620689655;0.0;0.0;0.1724137931034483;0.0;0.0;1.4482758620689655;0.13793103448275862;0.0;29.0
Mirko Marić;Att;Venezia;0.0;0.0;0.5714285714285714;1.1428571428571428;0.2857142857142857;0.5714285714285714;3.142857142857143;2.2857142857142856;6.0;3.5
Mitchel Bakker;Cen;Atalanta;0.0;0.0;5.0;0.0;0.0;0.0;10.0;5.0;5.0;0.2
Mohamed Haj;Cen;Parma;0.8;0.0;1.2;2.2;0.8;0.2;3.0;1.2;1.2;5.0
Mohamed Kaba;Cen;Lecce;0.3846153846153846;0.0;1.923076923076923;3.0769230769230766;0.7692307692307692;2.692307692307692;4.615384615384615;1.923076923076923;2.3076923076923075;2.6
Moise Kean;Att;Fiorentina;0.20746887966804978;0.0;1.3692946058091287;1.7012448132780082;0.08298755186721991;0.20746887966804978;1.742738589211618;1.7012448132780082;1.6182572614107882;24.1
Morten Frendrup;Cen;Genoa;0.10909090909090909;0.0;1.4545454545454546;0.8363636363636363;1.3454545454545455;2.036363636363636;5.418181818181818;0.9454545454545454;1.1272727272727272;27.5
Morten Thorsby;Cen;Genoa;0.23391812865497075;0.0;2.6900584795321634;0.7017543859649122;0.23391812865497075;1.6374269005847952;2.4561403508771926;5.087719298245614;4.7368421052631575;17.1
Máximo Perrone;Cen;Como;0.2797202797202797;0.0;1.3286713286713285;0.6993006993006993;0.979020979020979;1.2587412587412588;4.825174825174825;0.5594405594405594;0.5594405594405594;14.3
Mërgim Vojvoda;Dif;Torino;0.3252032520325203;0.0;1.056910569105691;0.3252032520325203;0.5691056910569106;0.8130081300813008;4.308943089430894;0.6504065040650406;0.8130081300813008;12.3
Nadir Zortea;Att.Cen;Cagliari;0.09090909090909091;0.0;1.0909090909090908;0.8181818181818182;0.5454545454545454;0.4090909090909091;2.772727272727273;0.6363636363636364;0.8636363636363636;22.0
Nahuel Estévez;Cen;Parma;0.29850746268656714;0.0;1.1940298507462686;1.3432835820895521;0.44776119402985076;0.5970149253731343;4.029850746268656;1.791044776119403;0.14925373134328357;6.7
Nehuén Pérez;Dif;Udinese;0.0;0.0;1.5;1.0;0.5;0.5;3.0;1.5;0.5;2.0
Niccolò Pisilli;Cen;Roma;0.4878048780487805;0.0;1.1382113821138211;0.975609756097561;0.7317073170731707;0.7317073170731707;4.227642276422764;0.16260162601626016;0.8943089430894309;12.3
Nicholas Pierini;Cen;Venezia;0.0;0.0;1.1111111111111112;2.2222222222222223;0.0;0.0;2.2222222222222223;1.1111111111111112;3.333333333333333;0.9
Nicola Leali;Por;Genoa;0.045454545454545456;0.0;0.045454545454545456;0.18181818181818182;0.0;0.0;0.9545454545454546;0.22727272727272727;0.0;22.0
Nicola Sansone;Cen.Att;Lecce;1.4285714285714286;0.0;0.0;1.4285714285714286;0.0;0.0;1.4285714285714286;0.0;1.4285714285714286;0.7
Nicola Zalewski;Dif.Att;Roma;0.0;0.0;0.3389830508474576;2.2033898305084745;0.6779661016949152;1.0169491525423728;3.8983050847457625;0.847457627118644;1.3559322033898304;5.9
Nicolas Haas;Cen;Empoli;0.3125;0.0;3.4375;0.9375;1.25;2.5;5.9375;0.9375;1.5625;3.2
Nicolas Viola;Att.Cen;Cagliari;0.18518518518518517;0.0;1.3888888888888888;2.4074074074074074;0.18518518518518517;0.6481481481481481;4.0740740740740735;1.4814814814814814;1.6666666666666665;10.8
Nicolás González;Att;Juventus;0.0;0.0;1.5;2.3333333333333335;0.5;0.75;3.5;3.5;2.4166666666666665;12.0
Nicolás Paz;Cen.Att;Como;0.21739130434782608;0.0;1.4782608695652173;1.173913043478261;0.782608695652174;1.0869565217391304;4.217391304347826;1.1304347826086956;0.782608695652174;23.0
Nicolás Valentini;Dif;Hellas Verona;0.5;0.25;2.5;0.0;1.0;3.0;3.0;2.75;0.5;4.0
Nicolò Barella;Cen;Inter;0.13392857142857142;0.0;0.8928571428571429;1.25;0.44642857142857145;1.0714285714285714;6.294642857142858;0.8928571428571429;1.0267857142857144;22.4
Nicolò Cambiaghi;Att;Bologna;0.0;0.0;0.7407407407407407;4.814814814814815;0.7407407407407407;1.111111111111111;5.185185185185185;1.111111111111111;1.111111111111111;2.7
Nicolò Casale;Dif;Bologna;0.14925373134328357;0.0;1.9402985074626866;0.5970149253731343;1.3432835820895521;0.5970149253731343;3.8805970149253732;3.7313432835820897;2.9850746268656714;6.7
Nicolò Fagioli;Cen;Juventus;0.6349206349206349;0.0;1.746031746031746;0.7936507936507937;0.31746031746031744;1.5873015873015874;5.238095238095238;0.31746031746031744;0.31746031746031744;6.3
Nicolò Rovella;Cen;Lazio;0.44843049327354256;0.0;1.4798206278026906;0.8071748878923767;1.6143497757847534;1.6143497757847534;5.067264573991031;0.3139013452914798;0.6726457399103138;22.3
Nicolò Savona;Dif;Juventus;0.19230769230769232;0.0;0.576923076923077;0.5128205128205129;0.44871794871794873;0.8333333333333334;3.717948717948718;0.44871794871794873;0.8974358974358975;15.6
Nicolò Zaniolo;Att.Cen;Atalanta;1.0;0.0;2.25;4.25;0.25;0.0;2.75;1.0;1.25;4.0
Nikola Krstović;Att;Lecce;0.14869888475836432;0.0;1.6356877323420076;1.5985130111524164;0.26022304832713755;0.26022304832713755;2.193308550185874;2.7137546468401488;3.680297397769517;26.9
Nikola Moro;Cen;Bologna;0.08130081300813008;0.0;1.6260162601626016;0.7317073170731707;1.056910569105691;2.113821138211382;5.691056910569105;0.975609756097561;1.2195121951219512;12.3
Nikola Vlašić;Cen.Att;Torino;0.0;0.0;1.1931818181818181;0.9659090909090908;0.45454545454545453;0.8522727272727272;4.090909090909091;1.0795454545454544;1.25;17.6
Noah Okafor;Att;Milan;0.0;0.0;1.3043478260869565;1.0869565217391306;0.4347826086956522;0.2173913043478261;1.7391304347826089;0.4347826086956522;1.0869565217391306;4.6
Nuno Tavares;Dif;Lazio;0.2366863905325444;0.0591715976331361;1.0059171597633136;1.7159763313609468;1.124260355029586;1.2426035502958581;5.502958579881657;0.5325443786982249;0.6508875739644971;16.9
Nunzio Lella;Cen;Venezia;0.0;0.0;10.0;10.0;0.0;0.0;0.0;0.0;0.0;0.1
Obite N'Dicka;Dif;Roma;0.06896551724137931;0.0;1.0;0.5862068965517241;1.0689655172413792;0.6206896551724138;3.8620689655172415;1.6896551724137931;1.3793103448275863;29.0
Odilon Kossounou;Dif;Atalanta;0.125;0.0;1.5;0.625;0.875;0.875;5.625;2.0;0.875;8.0
Oier Zarraga;Cen;Udinese;0.0;0.0;1.1475409836065575;0.819672131147541;0.3278688524590164;1.4754098360655739;2.9508196721311477;0.49180327868852464;1.3114754098360657;6.1
Ola Solbakken;Cen.Att;Empoli;0.15151515151515152;0.0;1.0606060606060606;0.15151515151515152;0.30303030303030304;0.4545454545454546;1.9696969696969697;1.0606060606060606;2.121212121212121;6.6
Oliver Abildgaard;Cen;Como;0.0;0.0;0.0;10.0;0.0;0.0;0.0;0.0;0.0;0.1
Omari Forson;Cen.Att;Monza;0.0;0.0;1.25;0.0;0.0;2.5;5.0;0.0;1.25;0.8
Ondrej Duda;Cen;Hellas Verona;0.5291005291005292;0.052910052910052914;1.7460317460317463;2.486772486772487;1.3756613756613758;1.0052910052910053;7.08994708994709;0.5820105820105821;0.4232804232804233;18.9
Oumar Solet;Dif;Udinese;0.3125;0.10416666666666667;0.7291666666666667;0.8333333333333334;1.0416666666666667;1.25;5.208333333333334;1.0416666666666667;1.1458333333333335;9.6
Oussama El Azzouzi;Cen;Bologna;0.0;0.0;0.0;20.0;20.0;0.0;0.0;0.0;0.0;0.1
Pablo Marí;Dif;Monza;0.22099447513812154;0.055248618784530384;1.4917127071823204;0.2762430939226519;2.044198895027624;0.8287292817679557;3.2596685082872927;2.209944751381215;1.160220994475138;18.1
Pasquale Mazzocchi;Dif.Att;Napoli;0.29411764705882354;0.0;1.0294117647058825;0.7352941176470589;0.5882352941176471;0.8823529411764706;3.9705882352941178;0.4411764705882353;0.8823529411764706;6.8
Patric;Dif;Lazio;0.29850746268656714;0.0;0.7462686567164178;0.7462686567164178;0.44776119402985076;0.8955223880597015;4.3283582089552235;1.044776119402985;0.8955223880597015;6.7
Patrick Ciurria;Cen.Dif;Monza;0.11627906976744186;0.0;1.1627906976744187;0.813953488372093;0.5813953488372093;0.813953488372093;2.7906976744186047;0.46511627906976744;1.627906976744186;8.6
Patrick Cutrone;Att;Como;0.050761421319796954;0.0;1.015228426395939;1.116751269035533;0.15228426395939088;0.4568527918781726;2.487309644670051;1.0659898477157361;2.8426395939086295;19.7
Patrick Dorgu;Dif.Att;Lecce;0.09803921568627452;0.04901960784313726;1.1764705882352942;2.696078431372549;0.8823529411764707;1.323529411764706;4.852941176470589;1.519607843137255;1.0294117647058825;20.4
Patrizio Masini;Cen;Genoa;0.23255813953488372;0.0;2.558139534883721;3.488372093023256;0.9302325581395349;2.2093023255813953;5.6976744186046515;1.8604651162790697;1.1627906976744187;8.6
Paulo Azzi;Dif;Cagliari;0.425531914893617;0.0;1.0638297872340425;0.6382978723404255;1.0638297872340425;1.9148936170212765;5.106382978723404;1.276595744680851;1.0638297872340425;4.7
Paulo Dybala;Att.Cen;Roma;0.12738853503184713;0.0;0.3821656050955414;3.821656050955414;0.12738853503184713;0.445859872611465;4.012738853503185;0.5095541401273885;1.0828025477707006;15.7
Paweł Dawidowicz;Dif;Hellas Verona;0.32679738562091504;0.06535947712418301;1.6993464052287581;0.5882352941176471;1.0457516339869282;1.0457516339869282;2.6143790849673203;1.6993464052287581;0.9803921568627451;15.3
Pedro;Att.Cen;Lazio;0.22727272727272727;0.0;1.5909090909090908;2.0454545454545454;0.3409090909090909;1.25;4.886363636363636;0.11363636363636363;0.45454545454545453;8.8
Pedro Pereira;Dif;Monza;0.3167420814479638;0.0;1.4027149321266967;0.27149321266968324;0.5429864253393665;0.9502262443438914;3.0316742081447963;0.8144796380090498;1.4027149321266967;22.1
Pepe Reina;Por;Como;0.0;0.0;0.0;0.1;0.0;0.0;1.1;0.1;0.0;10.0
Petar Stojanović;Cen;Empoli;;;;;;;inf;;;0.0
Philip Billing;Cen;Napoli;0.0;0.0;3.333333333333333;1.1111111111111112;1.1111111111111112;3.333333333333333;3.333333333333333;7.777777777777778;5.555555555555555;0.9
Pierluigi Gollini;Por;Genoa;0.14285714285714285;0.0;0.0;0.0;0.0;0.0;0.7142857142857143;0.0;0.0;7.0
Pierre Kalulu;Dif;Juventus;0.1020408163265306;0.0;0.8163265306122448;0.6632653061224489;0.7142857142857142;0.8673469387755102;3.6734693877551017;0.8673469387755102;1.9387755102040816;19.6
Pietro Comuzzo;Dif;Fiorentina;0.2347417840375587;0.0;0.9859154929577465;0.5164319248826291;1.1267605633802817;0.7981220657276995;3.2394366197183095;2.7699530516431925;1.9248826291079812;21.3
Pietro Pellegri;Att;Empoli;0.4347826086956522;0.0;2.173913043478261;1.0869565217391306;0.0;0.4347826086956522;3.2608695652173916;0.6521739130434783;4.347826086956522;4.6
Pietro Terracciano;Por;Fiorentina;0.0;0.0;0.0;0.0;0.0;0.0;1.3333333333333333;0.0;0.0;3.0
Piotr Zieliński;Cen;Inter;0.0;0.0;0.7526881720430108;1.7204301075268815;0.6451612903225806;0.8602150537634408;5.483870967741935;0.7526881720430108;0.3225806451612903;9.3
Pontus Almqvist;Att.Cen;Parma;0.36363636363636365;0.0;1.0909090909090908;1.2727272727272727;1.5454545454545454;1.0909090909090908;3.4545454545454546;0.7272727272727273;1.3636363636363635;11.0
Rafa Marín;Dif;Napoli;0.0;0.0;0.0;0.0;0.0;0.0;0.0;0.0;0.0;0.1
Rafael Leão;Att;Milan;0.14492753623188406;0.0;0.6280193236714976;1.9323671497584543;0.2898550724637681;0.3864734299516908;2.3671497584541066;1.0628019323671498;0.6763285024154589;20.7
Rafael Tolói;Dif;Atalanta;0.0;0.0;1.0526315789473684;0.5263157894736842;1.842105263157895;1.3157894736842106;7.105263157894737;2.368421052631579;0.2631578947368421;3.8
Randal Kolo Muani;Att;Juventus;0.0;0.0;2.318840579710145;1.5942028985507246;0.0;0.43478260869565216;2.753623188405797;0.8695652173913043;1.8840579710144927;6.9
Raoul Bellanova;Dif;Atalanta;0.15625;0.0;0.7291666666666667;1.5625;0.78125;0.5729166666666667;4.270833333333334;0.9895833333333334;0.8854166666666667;19.2
Rareș-Cătălin Burnete;Att;Lecce;0.0;0.0;0.0;0.0;0.0;0.0;10.0;0.0;5.0;0.2
Razvan Sava;Por;Udinese;0.08333333333333333;0.0;0.08333333333333333;0.08333333333333333;0.0;0.0;1.0833333333333333;0.0;0.08333333333333333;12.0
Reda Belahyane;Cen;Hellas Verona;0.32608695652173914;0.05434782608695653;1.6847826086956523;0.48913043478260876;0.5434782608695653;1.4130434782608696;5.923913043478262;0.27173913043478265;0.8152173913043479;18.4
Remi Oudin;Cen.Att;Lecce;0.30303030303030304;0.0;0.6060606060606061;0.30303030303030304;0.6060606060606061;0.30303030303030304;5.454545454545455;0.30303030303030304;0.30303030303030304;3.3
Remo Freuler;Cen;Bologna;0.22058823529411764;0.0;1.3235294117647058;0.5514705882352942;1.0294117647058825;1.0294117647058825;4.301470588235294;0.8455882352941176;0.8088235294117647;27.2
Renato Veiga;Dif;Juventus;0.0;0.0;0.5555555555555556;0.2777777777777778;2.2222222222222223;1.3888888888888888;4.444444444444445;1.1111111111111112;0.5555555555555556;3.6
Riccardo Orsolini;Att;Bologna;0.0;0.0;1.4583333333333333;2.0833333333333335;0.4861111111111111;0.4861111111111111;3.4027777777777777;1.25;0.8333333333333333;14.4
Riccardo Sottil;Att.Cen;Fiorentina;0.1075268817204301;0.0;0.7526881720430108;3.548387096774193;0.4301075268817204;0.4301075268817204;4.731182795698924;0.4301075268817204;0.9677419354838709;9.3
Richie Sagrado;Dif;Venezia;0.625;0.0;1.25;1.25;1.875;1.25;3.75;1.25;0.0;1.6
Ridgeciano Haps;Dif;Venezia;0.2654867256637168;0.0;0.8849557522123893;1.0619469026548671;0.5309734513274336;0.8849557522123893;3.3628318584070795;0.7079646017699115;1.1504424778761062;11.3
Roberto Gagliardini;Cen.Dif;Monza;0.8333333333333334;0.0;3.3333333333333335;3.3333333333333335;0.8333333333333334;0.0;1.6666666666666667;3.3333333333333335;3.3333333333333335;1.2
Roberto Piccoli;Att;Cagliari;0.11070110701107011;0.0;1.6236162361623616;1.5498154981549814;0.07380073800738007;0.33210332103321033;1.4760147601476015;3.025830258302583;4.317343173431734;27.1
Robin Gosens;Dif;Fiorentina;0.2183406113537118;0.0;0.8296943231441049;0.8296943231441049;0.6550218340611355;1.2663755458515285;2.4890829694323147;2.576419213973799;1.310043668122271;22.9
Rolando Mandragora;Cen;Fiorentina;0.390625;0.0;1.09375;1.171875;0.9375;0.546875;2.421875;0.9375;0.859375;12.8
Romelu Lukaku;Att;Napoli;0.04291845493562232;0.0;1.4592274678111588;1.3733905579399142;0.0;0.08583690987124463;1.2446351931330473;1.2017167381974247;1.502145922746781;23.3
Ruben Loftus-Cheek;Cen;Milan;0.12987012987012986;0.0;1.6883116883116882;2.5974025974025974;0.2597402597402597;0.9090909090909091;3.5064935064935066;1.4285714285714286;0.9090909090909091;7.7
Rui Modesto;Dif;Udinese;0.3448275862068966;0.0;1.7241379310344829;1.0344827586206897;1.7241379310344829;1.7241379310344829;4.827586206896552;2.0689655172413794;1.7241379310344829;2.9
Rui Patrício;Por;Atalanta;0.0;0.0;0.0;0.0;0.0;0.0;2.5;0.0;0.0;2.0
Ruslan Malinovskyi;Cen.Att;Genoa;0.30303030303030304;0.0;2.4242424242424243;0.9090909090909092;0.30303030303030304;1.8181818181818183;3.9393939393939394;1.8181818181818183;1.8181818181818183;3.3
Răzvan Marin;Cen;Cagliari;0.31496062992125984;0.0;1.8110236220472442;0.7874015748031497;0.15748031496062992;0.9448818897637796;4.803149606299213;0.7086614173228347;1.1811023622047245;12.7
Saad El Haddad;Cen;Venezia;0.0;0.0;3.3333333333333335;3.3333333333333335;0.0;0.0;3.3333333333333335;0.0;3.3333333333333335;0.3
Saba Goglichidze;Dif;Empoli;0.0;0.046296296296296294;0.8333333333333333;0.9722222222222222;1.25;1.3888888888888888;3.888888888888889;0.9722222222222222;1.898148148148148;21.6
Saba Sazonov;Dif;Torino;;;;;;;;;;0.0
Sam Beukema;Dif;Bologna;0.0;0.0;0.9433962264150944;1.0566037735849056;0.7924528301886793;0.8301886792452831;3.9622641509433962;2.6792452830188678;2.0377358490566038;26.5
Samuel Chukwueze;Att.Cen;Milan;0.0;0.0;0.2247191011235955;1.0112359550561798;0.2247191011235955;0.7865168539325842;3.595505617977528;0.5617977528089887;0.898876404494382;8.9
Samuel Dahl;Dif.Cen;Roma;0.0;0.0;4.0;0.0;0.0;4.0;2.0;0.0;2.0;0.5
Samuel Gigot;Dif;Lazio;0.5263157894736842;0.0;2.1052631578947367;0.7894736842105263;1.5789473684210527;0.2631578947368421;1.5789473684210527;2.8947368421052633;0.7894736842105263;3.8
Samuel Iling-Junior;Att.Cen;Bologna;0.0;0.0;1.5384615384615383;0.7692307692307692;1.5384615384615383;1.5384615384615383;6.153846153846153;0.0;2.3076923076923075;1.3
Samuel Mbangula;Att;Juventus;0.12820512820512822;0.0;0.7692307692307693;1.794871794871795;0.38461538461538464;1.2820512820512822;4.230769230769231;0.25641025641025644;0.8974358974358975;7.8
Samuele Birindelli;Dif.Cen;Monza;0.23529411764705882;0.0;1.2941176470588236;1.1764705882352942;0.8235294117647058;1.1764705882352942;3.764705882352941;0.35294117647058826;0.9411764705882353;8.5
Samuele Ricci;Cen;Torino;0.2661596958174905;0.0;1.1406844106463878;2.2433460076045626;0.8365019011406843;0.6844106463878327;4.3726235741444865;0.45627376425855515;0.532319391634981;26.3
Samuele Vignato;Cen;Monza;0.0;0.0;0.6382978723404255;0.425531914893617;0.0;0.6382978723404255;2.3404255319148937;1.0638297872340425;2.553191489361702;4.7
Sandi Lovrić;Cen;Udinese;0.18779342723004694;0.0;2.0657276995305165;1.408450704225352;0.9389671361502347;1.220657276995305;4.88262910798122;0.046948356807511735;0.704225352112676;21.3
Santiago Castro;Att;Bologna;0.2127659574468085;0.0;1.9574468085106382;2.0851063829787235;0.1276595744680851;0.3829787234042553;2.8085106382978724;1.4893617021276595;2.6808510638297873;23.5
Santiago Giménez;Att;Milan;0.5357142857142857;0.0;1.25;0.7142857142857143;0.17857142857142858;0.5357142857142857;1.7857142857142858;0.8928571428571429;1.25;5.6
Santiago Pierotti;Att;Lecce;0.25;0.0;2.75;0.625;0.625;1.25;5.125;2.5;3.0625;16.0
Saud Abdulhamid;Dif;Roma;0.0;0.0;0.8695652173913044;2.173913043478261;0.8695652173913044;0.8695652173913044;1.3043478260869565;0.0;0.4347826086956522;2.3
Saúl Coco;Dif;Torino;0.3333333333333333;0.0;1.7777777777777777;0.5555555555555556;1.3333333333333333;0.7407407407407407;2.6296296296296298;1.9259259259259258;1.8888888888888888;27.0
Scott McTominay;Cen;Napoli;0.12048192771084339;0.0;1.4457831325301205;1.7269076305220885;0.7630522088353414;0.8032128514056225;4.337349397590362;1.7269076305220885;1.285140562248996;24.9
Sead Kolašinac;Dif;Atalanta;0.26737967914438504;0.0;1.8181818181818183;1.0160427807486632;1.0695187165775402;1.1229946524064172;6.470588235294118;1.7647058823529413;1.3368983957219251;18.7
Sebastian Walukiewicz;Dif;Torino;0.32894736842105265;0.0;1.5789473684210527;0.32894736842105265;1.118421052631579;0.9210526315789475;2.4342105263157894;1.25;2.1052631578947367;15.2
Sebastiano Esposito;Cen.Att;Empoli;0.05376344086021505;0.0;1.6666666666666665;2.365591397849462;0.5913978494623655;1.129032258064516;4.354838709677419;1.129032258064516;2.258064516129032;18.6
Sebastiano Luperto;Dif;Cagliari;0.06896551724137931;0.0;0.6206896551724138;0.4827586206896552;0.8620689655172413;0.6896551724137931;3.793103448275862;1.793103448275862;1.5517241379310345;29.0
Semuel Pizzignacco;Por;Monza;0.0;0.0;0.0;0.23255813953488372;0.0;0.0;0.6976744186046512;0.23255813953488372;0.0;4.3
Sergi Roberto;Cen;Como;0.43478260869565216;0.0;1.0144927536231882;1.5942028985507246;1.3043478260869565;1.0144927536231882;6.666666666666666;1.0144927536231882;1.1594202898550725;6.9
Silvère Ganvoula M'Boussy;Att;Monza;0.0;0.0;0.6060606060606061;2.4242424242424243;0.30303030303030304;0.0;1.2121212121212122;3.9393939393939394;3.3333333333333335;3.3
Simon Sohm;Cen;Parma;0.1568627450980392;0.0;0.6666666666666666;0.9019607843137255;0.7843137254901961;0.5490196078431373;3.607843137254902;0.9803921568627451;0.7058823529411765;25.5
Simone Pafundi;Cen;Udinese;0.0;0.0;2.0;6.0;0.0;6.0;2.0;0.0;2.0;0.5
Simone Perilli;Por;Hellas Verona;0.0;0.0;0.0;0.0;0.0;0.0;1.0;1.0;0.0;1.0
Simone Scuffet;Por;Cagliari;0.0;0.0;0.0;0.07692307692307693;0.0;0.0;1.3076923076923077;0.23076923076923078;0.07692307692307693;13.0
Simone Verdi;Cen.Att;Como;0.7692307692307692;0.0;0.7692307692307692;0.7692307692307692;0.0;1.5384615384615383;3.846153846153846;0.0;0.0;1.3
Sofyan Amrabat;Cen;Fiorentina;0.0;0.0;2.0;0.5;0.0;1.0;3.5;0.5;0.5;2.0
Souleymane Touré;Dif;Udinese;0.2469135802469136;0.2469135802469136;1.8518518518518519;0.7407407407407408;1.1111111111111112;0.7407407407407408;2.8395061728395063;0.8641975308641976;0.617283950617284;8.1
Stanislav Lobotka;Cen;Napoli;0.12658227848101267;0.0;0.8438818565400844;1.1814345991561181;0.8438818565400844;1.0970464135021096;6.160337552742616;0.2109704641350211;0.2109704641350211;23.7
Stefan Lekovic;Dif;Monza;0.0;0.0;1.3888888888888888;0.8333333333333333;1.6666666666666665;1.1111111111111112;5.0;1.1111111111111112;1.3888888888888888;3.6
Stefan Posch;Dif;Bologna;0.12658227848101264;0.0;2.0253164556962022;2.151898734177215;0.6329113924050632;1.8987341772151898;5.443037974683544;1.6455696202531644;1.0126582278481011;7.9
Stefan de Vrij;Dif;Inter;0.06578947368421052;0.0;0.2631578947368421;0.19736842105263158;1.25;0.6578947368421053;3.2894736842105265;3.486842105263158;2.1710526315789473;15.2
Stefano Sabelli;Dif;Genoa;0.11560693641618497;0.0;1.2716763005780347;0.9248554913294798;1.0404624277456647;1.676300578034682;3.930635838150289;0.6358381502890174;1.329479768786127;17.3
Stefano Sensi;Cen;Monza;0.0;0.0;1.3043478260869565;2.173913043478261;1.3043478260869565;1.7391304347826089;4.347826086956522;0.8695652173913044;0.8695652173913044;2.3
Stefano Turati;Por;Monza;0.04048582995951417;0.0;0.0;0.4048582995951417;0.0;0.0;0.9311740890688259;0.12145748987854252;0.0;24.7
Stephan El Shaarawy;Dif.Cen;Roma;0.1869158878504673;0.0;0.4672897196261683;0.9345794392523366;0.7476635514018692;1.0280373831775702;3.9252336448598135;0.4672897196261683;1.1214953271028039;10.7
Strahinja Pavlović;Dif;Milan;0.15384615384615385;0.07692307692307693;0.9230769230769231;1.0;0.7692307692307693;1.5384615384615385;3.3076923076923075;2.076923076923077;1.3846153846153846;13.0
Suat Serdar;Cen;Hellas Verona;0.3846153846153846;0.09615384615384615;2.2115384615384617;1.1538461538461537;0.5769230769230769;1.25;5.096153846153846;1.0576923076923077;1.0576923076923077;10.4
Szymon Żurkowski;Cen;Empoli;0.0;0.0;1.6666666666666667;0.8333333333333334;0.8333333333333334;3.3333333333333335;8.333333333333334;0.0;0.0;1.2
Tajon Buchanan;Dif.Att;Inter;0.0;0.0;1.8181818181818181;3.6363636363636362;0.0;0.0;5.454545454545454;0.9090909090909091;0.0;1.1
Tammy Abraham;Att;Milan;0.09174311926605504;0.0;1.7431192660550459;0.5504587155963303;0.18348623853211007;0.9174311926605504;0.9174311926605504;2.477064220183486;2.7522935779816513;10.9
Tete Morente;Att;Lecce;0.11363636363636363;0.0;1.1363636363636362;0.8522727272727272;0.6818181818181818;0.6818181818181818;4.3181818181818175;1.3068181818181817;1.0227272727272727;17.6
Teun Koopmeiners;Cen.Att;Juventus;0.14634146341463414;0.0;1.5609756097560976;0.43902439024390244;0.3902439024390244;0.7804878048780488;2.1951219512195124;0.975609756097561;0.926829268292683;20.5
Theo Hernández;Dif;Milan;0.13043478260869565;0.043478260869565216;0.5652173913043478;1.608695652173913;0.6086956521739131;0.8260869565217391;4.521739130434782;1.173913043478261;0.5217391304347826;23.0
Thijs Dallinga;Att.Cen;Bologna;0.16129032258064516;0.0;2.903225806451613;1.9354838709677418;0.16129032258064516;0.8064516129032258;5.161290322580645;3.3870967741935485;2.903225806451613;6.2
Thomas Campaniello;Att;Empoli;0.0;0.0;0.0;3.3333333333333335;0.0;0.0;0.0;3.3333333333333335;6.666666666666667;0.3
Thomas Kristensen;Dif;Udinese;0.2962962962962963;0.0;1.4074074074074074;0.07407407407407407;0.9629629629629629;1.1851851851851851;3.3333333333333335;3.037037037037037;1.7037037037037037;13.5
Tiago Palacios;Dif;Monza;0.3225806451612903;0.0;0.3225806451612903;1.2903225806451613;0.9677419354838709;0.3225806451612903;6.451612903225806;1.6129032258064515;0.9677419354838709;3.1
Tijjani Noslin;Att.Cen;Lazio;0.23529411764705882;0.0;2.3529411764705883;1.5294117647058822;0.11764705882352941;0.47058823529411764;2.4705882352941178;2.7058823529411766;2.823529411764706;8.5
Tijjani Reijnders;Cen;Milan;0.07751937984496124;0.03875968992248062;0.8527131782945736;0.5813953488372093;1.0852713178294573;0.46511627906976744;3.4108527131782944;0.19379844961240308;0.5038759689922481;25.8
Timothy Weah;Att.Dif;Juventus;0.20833333333333331;0.0;0.9722222222222222;0.8333333333333333;0.7638888888888888;1.0416666666666667;3.4027777777777777;1.1805555555555556;1.1805555555555556;14.4
Tommaso Augello;Dif.Att;Cagliari;0.09302325581395349;0.0;0.4186046511627907;0.4186046511627907;0.6976744186046512;0.9302325581395349;4.651162790697675;1.5348837209302326;0.8837209302325582;21.5
Tommaso Baldanzi;Cen.Att;Roma;0.13513513513513511;0.0;0.5405405405405405;1.8918918918918919;0.5405405405405405;0.5405405405405405;5.54054054054054;0.13513513513513511;0.4054054054054054;7.4
Tommaso Pobega;Cen;Bologna;0.594059405940594;0.19801980198019803;2.2772277227722775;0.9900990099009901;1.0891089108910892;1.5841584158415842;3.1683168316831685;0.9900990099009901;1.2871287128712872;10.1
Tommaso Rubino;Cen;Fiorentina;0.0;0.0;10.0;0.0;0.0;0.0;20.0;0.0;0.0;0.1
Tomáš Suslov;Cen.Att;Hellas Verona;0.2926829268292683;0.04878048780487805;2.2439024390243905;2.8780487804878048;0.8780487804878049;1.7560975609756098;4.048780487804878;0.1951219512195122;1.0731707317073171;20.5
Valentin Gendrey;Dif;Lecce;0.0;0.0;0.5;1.0;1.0;1.0;1.5;0.5;1.5;2.0
Valentin Mihaila;Att.Cen;Parma;0.13986013986013984;0.0;1.1888111888111887;1.3986013986013985;0.5594405594405594;1.048951048951049;2.727272727272727;0.9090909090909091;1.8881118881118881;14.3
Valentino Lazaro;Dif.Att;Torino;0.1382488479262673;0.0;1.1520737327188941;0.599078341013825;0.4147465437788019;0.5069124423963134;3.686635944700461;0.6451612903225806;1.0599078341013826;21.7
Valentín Castellanos;Att;Lazio;0.30456852791878175;0.050761421319796954;1.5736040609137056;1.6243654822335025;0.25380710659898476;0.20304568527918782;1.9289340101522843;2.9441624365482233;2.5888324873096447;19.7
Vanja Milinković-Savić;Por;Torino;0.07142857142857142;0.0;0.0;0.25;0.0;0.0;1.5714285714285714;0.2857142857142857;0.03571428571428571;28.0
Vanja Vlahović;Att.Cen;Atalanta;0.0;0.0;0.0;4.285714285714286;0.0;1.4285714285714286;0.0;0.0;4.285714285714286;0.7
Vasilije Adžić;Cen.Att;Juventus;0.0;0.0;3.3333333333333335;0.0;0.0;6.666666666666667;6.666666666666667;6.666666666666667;6.666666666666667;0.3
Victor Nelsson;Dif;Roma;0.0;0.0;1.0526315789473684;2.1052631578947367;1.0526315789473684;2.1052631578947367;2.1052631578947367;3.68421052631579;1.0526315789473684;1.9
Viktor Kovalenko;Cen.Dif;Empoli;0.0;0.0;1.6666666666666667;3.3333333333333335;0.0;1.6666666666666667;5.0;3.3333333333333335;0.0;0.6
Vitinha;Att.Cen;Genoa;0.09523809523809523;0.0;1.1428571428571428;1.7142857142857142;1.0476190476190477;0.47619047619047616;3.7142857142857144;2.1904761904761907;2.0952380952380953;10.5
Walid Cheddira;Att;Napoli;0.0;0.0;0.0;0.0;0.0;0.0;0.0;0.0;10.0;0.1
Warren Bondo;Cen;Monza;0.2777777777777778;0.05555555555555555;1.7222222222222223;2.0;0.2777777777777778;1.3333333333333333;5.055555555555555;0.2777777777777778;0.4444444444444444;18.0
Weston McKennie;Cen.Dif;Juventus;0.1092896174863388;0.0;1.2021857923497268;0.6557377049180327;0.6557377049180327;0.4371584699453552;4.316939890710382;1.0382513661202186;1.1475409836065573;18.3
Wladimiro Falcone;Por;Lecce;0.034482758620689655;0.0;0.034482758620689655;0.27586206896551724;0.0;0.0;0.7241379310344828;0.3103448275862069;0.0;29.0
Woyo Coulibaly;Dif;Parma;0.08333333333333333;0.08333333333333333;1.0;1.0;0.6666666666666666;0.8333333333333334;5.0;0.75;0.75;12.0
Wylan Cyprien;Cen;Parma;0.0;0.0;0.0;0.0;3.3333333333333335;0.0;20.0;0.0;0.0;0.3
Yacine Adli;Cen;Fiorentina;0.24;0.08;0.72;1.28;0.48;1.44;5.6;0.4;1.2;12.5
Yann Aurel Bisseck;Dif;Inter;0.24590163934426232;0.0;0.7377049180327869;0.5737704918032788;0.9016393442622951;0.819672131147541;3.5245901639344264;2.7049180327868854;0.819672131147541;12.2
Yann Karamoh;Cen.Att;Torino;0.1941747572815534;0.0;1.0679611650485437;1.1650485436893203;0.2912621359223301;0.1941747572815534;3.5922330097087376;0.48543689320388345;0.7766990291262136;10.3
Yann Sommer;Por;Inter;0.0;0.0;0.0;0.038461538461538464;0.0;0.0;1.5;0.11538461538461539;0.0;26.0
Yannik Engelhardt;Cen.Dif;Como;0.25210084033613445;0.0;1.5966386554621848;1.4285714285714286;0.8403361344537815;0.8403361344537815;4.873949579831932;0.8403361344537815;0.7563025210084033;11.9
Yerry Mina;Dif;Cagliari;0.2597402597402597;0.04329004329004329;1.4285714285714284;1.948051948051948;1.2121212121212122;0.9956709956709956;5.4978354978354975;3.593073593073593;1.7748917748917747;23.1
Ylber Ramadani;Cen;Lecce;0.24539877300613497;0.0;0.7975460122699386;0.6134969325153374;1.2269938650306749;1.411042944785276;6.134969325153374;0.42944785276073616;1.165644171779141;16.3
Yllan Okou;Dif;Hellas Verona;;;;;;;;;;0.0
Yordan Osorio;Dif;Parma;0.0;0.0;2.6315789473684212;1.0526315789473684;2.1052631578947367;1.5789473684210527;3.1578947368421053;1.0526315789473684;0.5263157894736842;1.9
Youssef Maleh;Cen;Empoli;0.2976190476190476;0.05952380952380952;1.9047619047619047;1.726190476190476;0.9523809523809523;1.369047619047619;5.714285714285714;0.5357142857142857;1.0714285714285714;16.8
Youssouf Fofana;Cen;Milan;0.22421524663677128;0.0;1.1210762331838564;0.7174887892376681;0.7623318385650224;1.3452914798206277;4.753363228699551;0.49327354260089684;0.7623318385650224;22.3
Yunus Musah;Cen.Att;Milan;0.3246753246753247;0.0;2.0779220779220777;0.974025974025974;0.45454545454545453;1.103896103896104;3.3766233766233764;0.5194805194805194;0.9090909090909091;15.4
Zeki Çelik;Dif;Roma;0.1724137931034483;0.0;1.3793103448275863;0.40229885057471265;0.5172413793103449;1.3218390804597702;3.3333333333333335;1.5517241379310347;1.0919540229885059;17.4
Zion Suzuki;Por;Parma;0.07194244604316546;0.03597122302158273;0.1079136690647482;0.07194244604316546;0.0;0.0;1.1510791366906474;0.39568345323741005;0.03597122302158273;27.8
Zito Luvumbo;Att.Cen;Cagliari;0.16260162601626016;0.0;2.6829268292682924;2.7642276422764227;0.08130081300813008;0.24390243902439024;2.4390243902439024;0.4878048780487805;0.7317073170731707;12.3
Álex Valle;Dif;Como;0.15384615384615385;0.0;1.3846153846153846;1.3846153846153846;0.7692307692307693;1.5384615384615385;4.769230769230769;0.6153846153846154;1.3846153846153846;6.5
Álvaro Morata;Att.Cen;Milan;0.4098360655737705;0.0;2.0491803278688527;1.4754098360655739;0.4098360655737705;0.819672131147541;2.540983606557377;1.1475409836065575;1.639344262295082;12.2
Éderson;Cen;Atalanta;0.19379844961240308;0.03875968992248062;1.0077519379844961;1.7829457364341086;1.2790697674418605;1.0465116279069766;5.775193798449612;1.4341085271317828;1.0852713178294573;25.8
Þórir Jóhann Helgason;Cen;Lecce;0.0;0.0;0.9090909090909091;1.1688311688311688;0.5194805194805194;0.5194805194805194;4.025974025974026;1.1688311688311688;1.2987012987012987;7.7
Łukasz Skorupski;Por;Bologna;0.047619047619047616;0.0;0.047619047619047616;0.19047619047619047;0.0;0.0;1.7142857142857142;0.09523809523809523;0.0;21.0
